--
-- PostgreSQL database dump
--

\restrict 74Zw1XbDF34kNdeDkUDnhDlSqORRKBBuJiSfLtgdsnoNPjxoTbLEMZoxJMyogwz

-- Dumped from database version 16.10 (Debian 16.10-1.pgdg13+1)
-- Dumped by pg_dump version 16.10 (Debian 16.10-1.pgdg13+1)

SET statement_timeout = 0;
SET lock_timeout = 0;
SET idle_in_transaction_session_timeout = 0;
SET client_encoding = 'UTF8';
SET standard_conforming_strings = on;
SELECT pg_catalog.set_config('search_path', '', false);
SET check_function_bodies = false;
SET xmloption = content;
SET client_min_messages = warning;
SET row_security = off;

SET default_tablespace = '';

SET default_table_access_method = heap;

--
-- Name: accounts_account; Type: TABLE; Schema: public; Owner: postgres
--

CREATE TABLE public.accounts_account (
    id bigint NOT NULL,
    password character varying(128) NOT NULL,
    is_superuser boolean NOT NULL,
    first_name character varying(50) NOT NULL,
    last_name character varying(50) NOT NULL,
    username character varying(50) NOT NULL,
    email character varying(100) NOT NULL,
    phone_number character varying(50) NOT NULL,
    date_joined timestamp with time zone NOT NULL,
    last_login timestamp with time zone NOT NULL,
    is_admin boolean NOT NULL,
    is_staff boolean NOT NULL,
    is_active boolean NOT NULL,
    is_superadmin boolean NOT NULL
);


ALTER TABLE public.accounts_account OWNER TO postgres;

--
-- Name: accounts_account_groups; Type: TABLE; Schema: public; Owner: postgres
--

CREATE TABLE public.accounts_account_groups (
    id bigint NOT NULL,
    account_id bigint NOT NULL,
    group_id integer NOT NULL
);


ALTER TABLE public.accounts_account_groups OWNER TO postgres;

--
-- Name: accounts_account_groups_id_seq; Type: SEQUENCE; Schema: public; Owner: postgres
--

ALTER TABLE public.accounts_account_groups ALTER COLUMN id ADD GENERATED BY DEFAULT AS IDENTITY (
    SEQUENCE NAME public.accounts_account_groups_id_seq
    START WITH 1
    INCREMENT BY 1
    NO MINVALUE
    NO MAXVALUE
    CACHE 1
);


--
-- Name: accounts_account_id_seq; Type: SEQUENCE; Schema: public; Owner: postgres
--

ALTER TABLE public.accounts_account ALTER COLUMN id ADD GENERATED BY DEFAULT AS IDENTITY (
    SEQUENCE NAME public.accounts_account_id_seq
    START WITH 1
    INCREMENT BY 1
    NO MINVALUE
    NO MAXVALUE
    CACHE 1
);


--
-- Name: accounts_account_user_permissions; Type: TABLE; Schema: public; Owner: postgres
--

CREATE TABLE public.accounts_account_user_permissions (
    id bigint NOT NULL,
    account_id bigint NOT NULL,
    permission_id integer NOT NULL
);


ALTER TABLE public.accounts_account_user_permissions OWNER TO postgres;

--
-- Name: accounts_account_user_permissions_id_seq; Type: SEQUENCE; Schema: public; Owner: postgres
--

ALTER TABLE public.accounts_account_user_permissions ALTER COLUMN id ADD GENERATED BY DEFAULT AS IDENTITY (
    SEQUENCE NAME public.accounts_account_user_permissions_id_seq
    START WITH 1
    INCREMENT BY 1
    NO MINVALUE
    NO MAXVALUE
    CACHE 1
);


--
-- Name: accounts_pointsledger; Type: TABLE; Schema: public; Owner: postgres
--

CREATE TABLE public.accounts_pointsledger (
    id bigint NOT NULL,
    entry_type character varying(10) NOT NULL,
    amount numeric(10,2) NOT NULL,
    balance_after numeric(10,2) NOT NULL,
    meta jsonb,
    created_at timestamp with time zone NOT NULL,
    user_id bigint NOT NULL
);


ALTER TABLE public.accounts_pointsledger OWNER TO postgres;

--
-- Name: accounts_pointsledger_id_seq; Type: SEQUENCE; Schema: public; Owner: postgres
--

ALTER TABLE public.accounts_pointsledger ALTER COLUMN id ADD GENERATED BY DEFAULT AS IDENTITY (
    SEQUENCE NAME public.accounts_pointsledger_id_seq
    START WITH 1
    INCREMENT BY 1
    NO MINVALUE
    NO MAXVALUE
    CACHE 1
);


--
-- Name: accounts_pointswallet; Type: TABLE; Schema: public; Owner: postgres
--

CREATE TABLE public.accounts_pointswallet (
    id bigint NOT NULL,
    balance numeric(10,2) NOT NULL,
    user_id bigint NOT NULL
);


ALTER TABLE public.accounts_pointswallet OWNER TO postgres;

--
-- Name: accounts_pointswallet_id_seq; Type: SEQUENCE; Schema: public; Owner: postgres
--

ALTER TABLE public.accounts_pointswallet ALTER COLUMN id ADD GENERATED BY DEFAULT AS IDENTITY (
    SEQUENCE NAME public.accounts_pointswallet_id_seq
    START WITH 1
    INCREMENT BY 1
    NO MINVALUE
    NO MAXVALUE
    CACHE 1
);


--
-- Name: accounts_userprofile; Type: TABLE; Schema: public; Owner: postgres
--

CREATE TABLE public.accounts_userprofile (
    id bigint NOT NULL,
    address_line_1 character varying(100) NOT NULL,
    address_line_2 character varying(100) NOT NULL,
    profile_picture character varying(100) NOT NULL,
    city character varying(20) NOT NULL,
    state character varying(20) NOT NULL,
    country character varying(20) NOT NULL,
    user_id bigint NOT NULL
);


ALTER TABLE public.accounts_userprofile OWNER TO postgres;

--
-- Name: accounts_userprofile_id_seq; Type: SEQUENCE; Schema: public; Owner: postgres
--

ALTER TABLE public.accounts_userprofile ALTER COLUMN id ADD GENERATED BY DEFAULT AS IDENTITY (
    SEQUENCE NAME public.accounts_userprofile_id_seq
    START WITH 1
    INCREMENT BY 1
    NO MINVALUE
    NO MAXVALUE
    CACHE 1
);


--
-- Name: auth_group; Type: TABLE; Schema: public; Owner: postgres
--

CREATE TABLE public.auth_group (
    id integer NOT NULL,
    name character varying(150) NOT NULL
);


ALTER TABLE public.auth_group OWNER TO postgres;

--
-- Name: auth_group_id_seq; Type: SEQUENCE; Schema: public; Owner: postgres
--

ALTER TABLE public.auth_group ALTER COLUMN id ADD GENERATED BY DEFAULT AS IDENTITY (
    SEQUENCE NAME public.auth_group_id_seq
    START WITH 1
    INCREMENT BY 1
    NO MINVALUE
    NO MAXVALUE
    CACHE 1
);


--
-- Name: auth_group_permissions; Type: TABLE; Schema: public; Owner: postgres
--

CREATE TABLE public.auth_group_permissions (
    id bigint NOT NULL,
    group_id integer NOT NULL,
    permission_id integer NOT NULL
);


ALTER TABLE public.auth_group_permissions OWNER TO postgres;

--
-- Name: auth_group_permissions_id_seq; Type: SEQUENCE; Schema: public; Owner: postgres
--

ALTER TABLE public.auth_group_permissions ALTER COLUMN id ADD GENERATED BY DEFAULT AS IDENTITY (
    SEQUENCE NAME public.auth_group_permissions_id_seq
    START WITH 1
    INCREMENT BY 1
    NO MINVALUE
    NO MAXVALUE
    CACHE 1
);


--
-- Name: auth_permission; Type: TABLE; Schema: public; Owner: postgres
--

CREATE TABLE public.auth_permission (
    id integer NOT NULL,
    name character varying(255) NOT NULL,
    content_type_id integer NOT NULL,
    codename character varying(100) NOT NULL
);


ALTER TABLE public.auth_permission OWNER TO postgres;

--
-- Name: auth_permission_id_seq; Type: SEQUENCE; Schema: public; Owner: postgres
--

ALTER TABLE public.auth_permission ALTER COLUMN id ADD GENERATED BY DEFAULT AS IDENTITY (
    SEQUENCE NAME public.auth_permission_id_seq
    START WITH 1
    INCREMENT BY 1
    NO MINVALUE
    NO MAXVALUE
    CACHE 1
);


--
-- Name: banners_banner; Type: TABLE; Schema: public; Owner: postgres
--

CREATE TABLE public.banners_banner (
    id bigint NOT NULL,
    title character varying(100) NOT NULL,
    image character varying(100) NOT NULL,
    is_active boolean NOT NULL,
    created_at timestamp with time zone NOT NULL
);


ALTER TABLE public.banners_banner OWNER TO postgres;

--
-- Name: banners_banner_id_seq; Type: SEQUENCE; Schema: public; Owner: postgres
--

ALTER TABLE public.banners_banner ALTER COLUMN id ADD GENERATED BY DEFAULT AS IDENTITY (
    SEQUENCE NAME public.banners_banner_id_seq
    START WITH 1
    INCREMENT BY 1
    NO MINVALUE
    NO MAXVALUE
    CACHE 1
);


--
-- Name: carts_cart; Type: TABLE; Schema: public; Owner: postgres
--

CREATE TABLE public.carts_cart (
    id bigint NOT NULL,
    cart_id character varying(250) NOT NULL,
    date_added date NOT NULL
);


ALTER TABLE public.carts_cart OWNER TO postgres;

--
-- Name: carts_cart_id_seq; Type: SEQUENCE; Schema: public; Owner: postgres
--

ALTER TABLE public.carts_cart ALTER COLUMN id ADD GENERATED BY DEFAULT AS IDENTITY (
    SEQUENCE NAME public.carts_cart_id_seq
    START WITH 1
    INCREMENT BY 1
    NO MINVALUE
    NO MAXVALUE
    CACHE 1
);


--
-- Name: carts_cartitem; Type: TABLE; Schema: public; Owner: postgres
--

CREATE TABLE public.carts_cartitem (
    id bigint NOT NULL,
    quantity integer NOT NULL,
    is_active boolean NOT NULL,
    cart_id bigint,
    product_id bigint NOT NULL,
    user_id bigint
);


ALTER TABLE public.carts_cartitem OWNER TO postgres;

--
-- Name: carts_cartitem_id_seq; Type: SEQUENCE; Schema: public; Owner: postgres
--

ALTER TABLE public.carts_cartitem ALTER COLUMN id ADD GENERATED BY DEFAULT AS IDENTITY (
    SEQUENCE NAME public.carts_cartitem_id_seq
    START WITH 1
    INCREMENT BY 1
    NO MINVALUE
    NO MAXVALUE
    CACHE 1
);


--
-- Name: carts_cartitem_variations; Type: TABLE; Schema: public; Owner: postgres
--

CREATE TABLE public.carts_cartitem_variations (
    id bigint NOT NULL,
    cartitem_id bigint NOT NULL,
    variation_id bigint NOT NULL
);


ALTER TABLE public.carts_cartitem_variations OWNER TO postgres;

--
-- Name: carts_cartitem_variations_id_seq; Type: SEQUENCE; Schema: public; Owner: postgres
--

ALTER TABLE public.carts_cartitem_variations ALTER COLUMN id ADD GENERATED BY DEFAULT AS IDENTITY (
    SEQUENCE NAME public.carts_cartitem_variations_id_seq
    START WITH 1
    INCREMENT BY 1
    NO MINVALUE
    NO MAXVALUE
    CACHE 1
);


--
-- Name: category_category; Type: TABLE; Schema: public; Owner: postgres
--

CREATE TABLE public.category_category (
    id bigint NOT NULL,
    category_name character varying(50) NOT NULL,
    slug character varying(100) NOT NULL,
    description text NOT NULL,
    cat_image character varying(100) NOT NULL
);


ALTER TABLE public.category_category OWNER TO postgres;

--
-- Name: category_category_id_seq; Type: SEQUENCE; Schema: public; Owner: postgres
--

ALTER TABLE public.category_category ALTER COLUMN id ADD GENERATED BY DEFAULT AS IDENTITY (
    SEQUENCE NAME public.category_category_id_seq
    START WITH 1
    INCREMENT BY 1
    NO MINVALUE
    NO MAXVALUE
    CACHE 1
);


--
-- Name: django_admin_log; Type: TABLE; Schema: public; Owner: postgres
--

CREATE TABLE public.django_admin_log (
    id integer NOT NULL,
    action_time timestamp with time zone NOT NULL,
    object_id text,
    object_repr character varying(200) NOT NULL,
    action_flag smallint NOT NULL,
    change_message text NOT NULL,
    content_type_id integer,
    user_id bigint NOT NULL,
    CONSTRAINT django_admin_log_action_flag_check CHECK ((action_flag >= 0))
);


ALTER TABLE public.django_admin_log OWNER TO postgres;

--
-- Name: django_admin_log_id_seq; Type: SEQUENCE; Schema: public; Owner: postgres
--

ALTER TABLE public.django_admin_log ALTER COLUMN id ADD GENERATED BY DEFAULT AS IDENTITY (
    SEQUENCE NAME public.django_admin_log_id_seq
    START WITH 1
    INCREMENT BY 1
    NO MINVALUE
    NO MAXVALUE
    CACHE 1
);


--
-- Name: django_content_type; Type: TABLE; Schema: public; Owner: postgres
--

CREATE TABLE public.django_content_type (
    id integer NOT NULL,
    app_label character varying(100) NOT NULL,
    model character varying(100) NOT NULL
);


ALTER TABLE public.django_content_type OWNER TO postgres;

--
-- Name: django_content_type_id_seq; Type: SEQUENCE; Schema: public; Owner: postgres
--

ALTER TABLE public.django_content_type ALTER COLUMN id ADD GENERATED BY DEFAULT AS IDENTITY (
    SEQUENCE NAME public.django_content_type_id_seq
    START WITH 1
    INCREMENT BY 1
    NO MINVALUE
    NO MAXVALUE
    CACHE 1
);


--
-- Name: django_migrations; Type: TABLE; Schema: public; Owner: postgres
--

CREATE TABLE public.django_migrations (
    id bigint NOT NULL,
    app character varying(255) NOT NULL,
    name character varying(255) NOT NULL,
    applied timestamp with time zone NOT NULL
);


ALTER TABLE public.django_migrations OWNER TO postgres;

--
-- Name: django_migrations_id_seq; Type: SEQUENCE; Schema: public; Owner: postgres
--

ALTER TABLE public.django_migrations ALTER COLUMN id ADD GENERATED BY DEFAULT AS IDENTITY (
    SEQUENCE NAME public.django_migrations_id_seq
    START WITH 1
    INCREMENT BY 1
    NO MINVALUE
    NO MAXVALUE
    CACHE 1
);


--
-- Name: django_session; Type: TABLE; Schema: public; Owner: postgres
--

CREATE TABLE public.django_session (
    session_key character varying(40) NOT NULL,
    session_data text NOT NULL,
    expire_date timestamp with time zone NOT NULL
);


ALTER TABLE public.django_session OWNER TO postgres;

--
-- Name: orders_order; Type: TABLE; Schema: public; Owner: postgres
--

CREATE TABLE public.orders_order (
    id bigint NOT NULL,
    order_number character varying(20) NOT NULL,
    status character varying(10) NOT NULL,
    razorpay_order_id character varying(100),
    first_name character varying(50) NOT NULL,
    last_name character varying(50) NOT NULL,
    phone character varying(15) NOT NULL,
    email character varying(50) NOT NULL,
    address_line_1 character varying(50) NOT NULL,
    address_line_2 character varying(50) NOT NULL,
    country character varying(50) NOT NULL,
    state character varying(50) NOT NULL,
    city character varying(50) NOT NULL,
    order_note character varying(100) NOT NULL,
    shipping_charge numeric(10,2) NOT NULL,
    order_total double precision NOT NULL,
    tax double precision NOT NULL,
    ip character varying(20) NOT NULL,
    is_ordered boolean NOT NULL,
    created_at timestamp with time zone NOT NULL,
    updated_at timestamp with time zone NOT NULL,
    payment_id bigint,
    user_id bigint
);


ALTER TABLE public.orders_order OWNER TO postgres;

--
-- Name: orders_order_id_seq; Type: SEQUENCE; Schema: public; Owner: postgres
--

ALTER TABLE public.orders_order ALTER COLUMN id ADD GENERATED BY DEFAULT AS IDENTITY (
    SEQUENCE NAME public.orders_order_id_seq
    START WITH 1
    INCREMENT BY 1
    NO MINVALUE
    NO MAXVALUE
    CACHE 1
);


--
-- Name: orders_orderproduct; Type: TABLE; Schema: public; Owner: postgres
--

CREATE TABLE public.orders_orderproduct (
    id bigint NOT NULL,
    quantity integer NOT NULL,
    product_price double precision NOT NULL,
    ordered boolean NOT NULL,
    created_at timestamp with time zone NOT NULL,
    updated_at timestamp with time zone NOT NULL,
    order_id bigint NOT NULL,
    payment_id bigint,
    product_id bigint NOT NULL,
    user_id bigint NOT NULL
);


ALTER TABLE public.orders_orderproduct OWNER TO postgres;

--
-- Name: orders_orderproduct_id_seq; Type: SEQUENCE; Schema: public; Owner: postgres
--

ALTER TABLE public.orders_orderproduct ALTER COLUMN id ADD GENERATED BY DEFAULT AS IDENTITY (
    SEQUENCE NAME public.orders_orderproduct_id_seq
    START WITH 1
    INCREMENT BY 1
    NO MINVALUE
    NO MAXVALUE
    CACHE 1
);


--
-- Name: orders_orderproduct_variations; Type: TABLE; Schema: public; Owner: postgres
--

CREATE TABLE public.orders_orderproduct_variations (
    id bigint NOT NULL,
    orderproduct_id bigint NOT NULL,
    variation_id bigint NOT NULL
);


ALTER TABLE public.orders_orderproduct_variations OWNER TO postgres;

--
-- Name: orders_orderproduct_variations_id_seq; Type: SEQUENCE; Schema: public; Owner: postgres
--

ALTER TABLE public.orders_orderproduct_variations ALTER COLUMN id ADD GENERATED BY DEFAULT AS IDENTITY (
    SEQUENCE NAME public.orders_orderproduct_variations_id_seq
    START WITH 1
    INCREMENT BY 1
    NO MINVALUE
    NO MAXVALUE
    CACHE 1
);


--
-- Name: orders_payment; Type: TABLE; Schema: public; Owner: postgres
--

CREATE TABLE public.orders_payment (
    id bigint NOT NULL,
    payment_id character varying(100) NOT NULL,
    payment_method character varying(100) NOT NULL,
    amount_paid character varying(100) NOT NULL,
    status character varying(100) NOT NULL,
    created_at timestamp with time zone NOT NULL,
    user_id bigint NOT NULL
);


ALTER TABLE public.orders_payment OWNER TO postgres;

--
-- Name: orders_payment_id_seq; Type: SEQUENCE; Schema: public; Owner: postgres
--

ALTER TABLE public.orders_payment ALTER COLUMN id ADD GENERATED BY DEFAULT AS IDENTITY (
    SEQUENCE NAME public.orders_payment_id_seq
    START WITH 1
    INCREMENT BY 1
    NO MINVALUE
    NO MAXVALUE
    CACHE 1
);


--
-- Name: store_aboutsettings; Type: TABLE; Schema: public; Owner: postgres
--

CREATE TABLE public.store_aboutsettings (
    id bigint NOT NULL,
    story_image character varying(100),
    choose_image character varying(100),
    impact_image character varying(100),
    updated_at timestamp with time zone NOT NULL
);


ALTER TABLE public.store_aboutsettings OWNER TO postgres;

--
-- Name: store_aboutsettings_id_seq; Type: SEQUENCE; Schema: public; Owner: postgres
--

ALTER TABLE public.store_aboutsettings ALTER COLUMN id ADD GENERATED BY DEFAULT AS IDENTITY (
    SEQUENCE NAME public.store_aboutsettings_id_seq
    START WITH 1
    INCREMENT BY 1
    NO MINVALUE
    NO MAXVALUE
    CACHE 1
);


--
-- Name: store_keyingredient; Type: TABLE; Schema: public; Owner: postgres
--

CREATE TABLE public.store_keyingredient (
    id bigint NOT NULL,
    name character varying(100) NOT NULL,
    description text NOT NULL,
    image character varying(100) NOT NULL,
    product_id bigint NOT NULL
);


ALTER TABLE public.store_keyingredient OWNER TO postgres;

--
-- Name: store_keyingredient_id_seq; Type: SEQUENCE; Schema: public; Owner: postgres
--

ALTER TABLE public.store_keyingredient ALTER COLUMN id ADD GENERATED BY DEFAULT AS IDENTITY (
    SEQUENCE NAME public.store_keyingredient_id_seq
    START WITH 1
    INCREMENT BY 1
    NO MINVALUE
    NO MAXVALUE
    CACHE 1
);


--
-- Name: store_product; Type: TABLE; Schema: public; Owner: postgres
--

CREATE TABLE public.store_product (
    id bigint NOT NULL,
    product_name character varying(200) NOT NULL,
    slug character varying(200) NOT NULL,
    description text NOT NULL,
    price integer NOT NULL,
    quantity character varying(50),
    images character varying(100) NOT NULL,
    stock integer NOT NULL,
    is_available boolean NOT NULL,
    is_new_arrival boolean NOT NULL,
    is_featured boolean NOT NULL,
    created_date timestamp with time zone NOT NULL,
    modified_date timestamp with time zone NOT NULL,
    is_combo boolean NOT NULL,
    is_bestseller boolean NOT NULL,
    all_ingredients text,
    packaging_details text,
    how_to_use text,
    category_id bigint NOT NULL,
    benefits text
);


ALTER TABLE public.store_product OWNER TO postgres;

--
-- Name: store_product_id_seq; Type: SEQUENCE; Schema: public; Owner: postgres
--

ALTER TABLE public.store_product ALTER COLUMN id ADD GENERATED BY DEFAULT AS IDENTITY (
    SEQUENCE NAME public.store_product_id_seq
    START WITH 1
    INCREMENT BY 1
    NO MINVALUE
    NO MAXVALUE
    CACHE 1
);


--
-- Name: store_productgallery; Type: TABLE; Schema: public; Owner: postgres
--

CREATE TABLE public.store_productgallery (
    id bigint NOT NULL,
    image character varying(255) NOT NULL,
    product_id bigint NOT NULL
);


ALTER TABLE public.store_productgallery OWNER TO postgres;

--
-- Name: store_productgallery_id_seq; Type: SEQUENCE; Schema: public; Owner: postgres
--

ALTER TABLE public.store_productgallery ALTER COLUMN id ADD GENERATED BY DEFAULT AS IDENTITY (
    SEQUENCE NAME public.store_productgallery_id_seq
    START WITH 1
    INCREMENT BY 1
    NO MINVALUE
    NO MAXVALUE
    CACHE 1
);


--
-- Name: store_reviewrating; Type: TABLE; Schema: public; Owner: postgres
--

CREATE TABLE public.store_reviewrating (
    id bigint NOT NULL,
    subject character varying(100) NOT NULL,
    review text NOT NULL,
    rating double precision NOT NULL,
    ip character varying(20) NOT NULL,
    status boolean NOT NULL,
    created_at timestamp with time zone NOT NULL,
    updated_at timestamp with time zone NOT NULL,
    product_id bigint NOT NULL,
    user_id bigint NOT NULL
);


ALTER TABLE public.store_reviewrating OWNER TO postgres;

--
-- Name: store_reviewrating_id_seq; Type: SEQUENCE; Schema: public; Owner: postgres
--

ALTER TABLE public.store_reviewrating ALTER COLUMN id ADD GENERATED BY DEFAULT AS IDENTITY (
    SEQUENCE NAME public.store_reviewrating_id_seq
    START WITH 1
    INCREMENT BY 1
    NO MINVALUE
    NO MAXVALUE
    CACHE 1
);


--
-- Name: store_smallbanner; Type: TABLE; Schema: public; Owner: postgres
--

CREATE TABLE public.store_smallbanner (
    id bigint NOT NULL,
    video character varying(100) NOT NULL,
    is_active boolean NOT NULL
);


ALTER TABLE public.store_smallbanner OWNER TO postgres;

--
-- Name: store_smallbanner_id_seq; Type: SEQUENCE; Schema: public; Owner: postgres
--

ALTER TABLE public.store_smallbanner ALTER COLUMN id ADD GENERATED BY DEFAULT AS IDENTITY (
    SEQUENCE NAME public.store_smallbanner_id_seq
    START WITH 1
    INCREMENT BY 1
    NO MINVALUE
    NO MAXVALUE
    CACHE 1
);


--
-- Name: store_variation; Type: TABLE; Schema: public; Owner: postgres
--

CREATE TABLE public.store_variation (
    id bigint NOT NULL,
    variation_category character varying(100) NOT NULL,
    variation_value character varying(100) NOT NULL,
    is_active boolean NOT NULL,
    created_date timestamp with time zone NOT NULL,
    product_id bigint NOT NULL
);


ALTER TABLE public.store_variation OWNER TO postgres;

--
-- Name: store_variation_id_seq; Type: SEQUENCE; Schema: public; Owner: postgres
--

ALTER TABLE public.store_variation ALTER COLUMN id ADD GENERATED BY DEFAULT AS IDENTITY (
    SEQUENCE NAME public.store_variation_id_seq
    START WITH 1
    INCREMENT BY 1
    NO MINVALUE
    NO MAXVALUE
    CACHE 1
);


--
-- Name: store_wishlist; Type: TABLE; Schema: public; Owner: postgres
--

CREATE TABLE public.store_wishlist (
    id bigint NOT NULL,
    added_at timestamp with time zone NOT NULL,
    product_id bigint NOT NULL,
    user_id bigint NOT NULL
);


ALTER TABLE public.store_wishlist OWNER TO postgres;

--
-- Name: store_wishlist_id_seq; Type: SEQUENCE; Schema: public; Owner: postgres
--

ALTER TABLE public.store_wishlist ALTER COLUMN id ADD GENERATED BY DEFAULT AS IDENTITY (
    SEQUENCE NAME public.store_wishlist_id_seq
    START WITH 1
    INCREMENT BY 1
    NO MINVALUE
    NO MAXVALUE
    CACHE 1
);


--
-- Data for Name: accounts_account; Type: TABLE DATA; Schema: public; Owner: postgres
--

COPY public.accounts_account (id, password, is_superuser, first_name, last_name, username, email, phone_number, date_joined, last_login, is_admin, is_staff, is_active, is_superadmin) FROM stdin;
1	pbkdf2_sha256$600000$HrgM1IXVNagVIpLVlovL7W$PfP+g72PBLMe76OQae8Ioh/pzTsjAoY+Baz6NY3CzZs=	f	ecopure	naturals	ecopure	ecopurenaturalsindia@gmail.com		2025-10-11 15:32:47.258708+00	2025-10-11 15:32:47.269455+00	t	t	t	t
2	pbkdf2_sha256$600000$vHJu2wyXDVsbSaryLpl4K3$xEXbKH6lY9S8ja6QcHpP4Q7G5N2Fa5sCKPb08DPuiqg=	f	ecopure	naturals	eco	ecopurenaturals2025@gmail.com		2025-10-11 15:55:12.047215+00	2025-10-13 06:20:49.855511+00	t	t	t	t
4	pbkdf2_sha256$600000$OL0l84iEAJxgCEMsoHn5lf$1YAc0ptRa68G4NX43XQzNK02TXUqKUnRW+EMTAZWETs=	f	Ramya	V	vedaramya9	vedaramya9@gmail.com	7358473846	2025-10-25 07:08:37.41895+00	2025-10-25 08:14:12.49975+00	f	f	t	f
5	pbkdf2_sha256$600000$YjHUKurDwhaYvJdSiVahKV$G5tjeijhlIqRUmXqjc+dgSePmg0zvU3h6R2SE3IhZVE=	f	Srilatha	Venkatesn	srilatha.venkatesan	srilatha.venkatesan@gmail.com	9600755536	2025-10-25 15:40:36.865505+00	2025-10-25 15:41:11.824432+00	f	f	t	f
3	pbkdf2_sha256$600000$7KXm4DB14AuEqVtp9mluwW$i2q751PWUeklc5oEcbmOX60Xh4a9WpCbmX8+V7gS0kY=	f	Arthikasri	Balasubramaniyan	arthibalu18	arthibalu18@gmail.com	8220094926	2025-10-11 16:14:30.742246+00	2025-10-25 17:27:36.38234+00	f	f	t	f
\.


--
-- Data for Name: accounts_account_groups; Type: TABLE DATA; Schema: public; Owner: postgres
--

COPY public.accounts_account_groups (id, account_id, group_id) FROM stdin;
\.


--
-- Data for Name: accounts_account_user_permissions; Type: TABLE DATA; Schema: public; Owner: postgres
--

COPY public.accounts_account_user_permissions (id, account_id, permission_id) FROM stdin;
\.


--
-- Data for Name: accounts_pointsledger; Type: TABLE DATA; Schema: public; Owner: postgres
--

COPY public.accounts_pointsledger (id, entry_type, amount, balance_after, meta, created_at, user_id) FROM stdin;
\.


--
-- Data for Name: accounts_pointswallet; Type: TABLE DATA; Schema: public; Owner: postgres
--

COPY public.accounts_pointswallet (id, balance, user_id) FROM stdin;
1	0.00	1
2	0.00	2
3	0.00	3
4	0.00	4
5	0.00	5
\.


--
-- Data for Name: accounts_userprofile; Type: TABLE DATA; Schema: public; Owner: postgres
--

COPY public.accounts_userprofile (id, address_line_1, address_line_2, profile_picture, city, state, country, user_id) FROM stdin;
1							3
2							2
3							4
4							5
\.


--
-- Data for Name: auth_group; Type: TABLE DATA; Schema: public; Owner: postgres
--

COPY public.auth_group (id, name) FROM stdin;
\.


--
-- Data for Name: auth_group_permissions; Type: TABLE DATA; Schema: public; Owner: postgres
--

COPY public.auth_group_permissions (id, group_id, permission_id) FROM stdin;
\.


--
-- Data for Name: auth_permission; Type: TABLE DATA; Schema: public; Owner: postgres
--

COPY public.auth_permission (id, name, content_type_id, codename) FROM stdin;
1	Can add log entry	1	add_logentry
2	Can change log entry	1	change_logentry
3	Can delete log entry	1	delete_logentry
4	Can view log entry	1	view_logentry
5	Can add permission	2	add_permission
6	Can change permission	2	change_permission
7	Can delete permission	2	delete_permission
8	Can view permission	2	view_permission
9	Can add group	3	add_group
10	Can change group	3	change_group
11	Can delete group	3	delete_group
12	Can view group	3	view_group
13	Can add content type	4	add_contenttype
14	Can change content type	4	change_contenttype
15	Can delete content type	4	delete_contenttype
16	Can view content type	4	view_contenttype
17	Can add session	5	add_session
18	Can change session	5	change_session
19	Can delete session	5	delete_session
20	Can view session	5	view_session
21	Can add category	6	add_category
22	Can change category	6	change_category
23	Can delete category	6	delete_category
24	Can view category	6	view_category
25	Can add account	7	add_account
26	Can change account	7	change_account
27	Can delete account	7	delete_account
28	Can view account	7	view_account
29	Can add user profile	8	add_userprofile
30	Can change user profile	8	change_userprofile
31	Can delete user profile	8	delete_userprofile
32	Can view user profile	8	view_userprofile
33	Can add points ledger	9	add_pointsledger
34	Can change points ledger	9	change_pointsledger
35	Can delete points ledger	9	delete_pointsledger
36	Can view points ledger	9	view_pointsledger
37	Can add points wallet	10	add_pointswallet
38	Can change points wallet	10	change_pointswallet
39	Can delete points wallet	10	delete_pointswallet
40	Can view points wallet	10	view_pointswallet
41	Can add product	11	add_product
42	Can change product	11	change_product
43	Can delete product	11	delete_product
44	Can view product	11	view_product
45	Can add small banner	12	add_smallbanner
46	Can change small banner	12	change_smallbanner
47	Can delete small banner	12	delete_smallbanner
48	Can view small banner	12	view_smallbanner
49	Can add variation	13	add_variation
50	Can change variation	13	change_variation
51	Can delete variation	13	delete_variation
52	Can view variation	13	view_variation
53	Can add review rating	14	add_reviewrating
54	Can change review rating	14	change_reviewrating
55	Can delete review rating	14	delete_reviewrating
56	Can view review rating	14	view_reviewrating
57	Can add product gallery	15	add_productgallery
58	Can change product gallery	15	change_productgallery
59	Can delete product gallery	15	delete_productgallery
60	Can view product gallery	15	view_productgallery
61	Can add wishlist	16	add_wishlist
62	Can change wishlist	16	change_wishlist
63	Can delete wishlist	16	delete_wishlist
64	Can view wishlist	16	view_wishlist
65	Can add key ingredient	17	add_keyingredient
66	Can change key ingredient	17	change_keyingredient
67	Can delete key ingredient	17	delete_keyingredient
68	Can view key ingredient	17	view_keyingredient
69	Can add About Page Settings	18	add_aboutsettings
70	Can change About Page Settings	18	change_aboutsettings
71	Can delete About Page Settings	18	delete_aboutsettings
72	Can view About Page Settings	18	view_aboutsettings
73	Can add cart	19	add_cart
74	Can change cart	19	change_cart
75	Can delete cart	19	delete_cart
76	Can view cart	19	view_cart
77	Can add cart item	20	add_cartitem
78	Can change cart item	20	change_cartitem
79	Can delete cart item	20	delete_cartitem
80	Can view cart item	20	view_cartitem
81	Can add order	21	add_order
82	Can change order	21	change_order
83	Can delete order	21	delete_order
84	Can view order	21	view_order
85	Can add payment	22	add_payment
86	Can change payment	22	change_payment
87	Can delete payment	22	delete_payment
88	Can view payment	22	view_payment
89	Can add order product	23	add_orderproduct
90	Can change order product	23	change_orderproduct
91	Can delete order product	23	delete_orderproduct
92	Can view order product	23	view_orderproduct
93	Can add banner	24	add_banner
94	Can change banner	24	change_banner
95	Can delete banner	24	delete_banner
96	Can view banner	24	view_banner
\.


--
-- Data for Name: banners_banner; Type: TABLE DATA; Schema: public; Owner: postgres
--

COPY public.banners_banner (id, title, image, is_active, created_at) FROM stdin;
1		banners/WhatsApp_Image_2025-09-24_at_23.53.13_eb0d3eb6.jpg	t	2025-10-12 06:01:52.58964+00
\.


--
-- Data for Name: carts_cart; Type: TABLE DATA; Schema: public; Owner: postgres
--

COPY public.carts_cart (id, cart_id, date_added) FROM stdin;
1	74e6xerbahv2ni62m9e1wwduh9z0hbwx	2025-10-11
2	shsjbjt90k3kyu4g51273lxyw6stcmpb	2025-10-11
3	3w66s00zptyfymeag3anjandnabk3px2	2025-10-13
4	0i4ioyv53bg3a5mcewediat64thxhxpf	2025-10-15
5	x02f6sjc4pmu7kkxm336m7vk0danrejq	2025-10-15
6	5x4e75ki5vnr4qjjc4kwzkspm9nzj0ku	2025-10-15
7	snyax4c5704tdphe7f589fe26fecy1ss	2025-10-15
8	k9xmwc8d5u4y64kisxwhro8zyhiutpm6	2025-10-15
9	jpug49mdujfbnvtr1tev6jmkk6f15y2v	2025-10-15
10	wwopgg66ebrkaefxwghnlq1acwtp7cwr	2025-10-15
11	l4u45vpvgyeg65x1o6cojowbp88bj8k8	2025-10-15
12	bd2pi0ctrpc6vzkl3rkv9hqb236ixyks	2025-10-15
13	bxls5u41uenkp2nb12ipamq6a4wh0807	2025-10-15
14	3cxphkko38xy4dcgv67to4c3ienfq9bv	2025-10-15
15	m5zqtb2fdc6ren3moi6uar7hj5itthp6	2025-10-15
16	4233b1bddz2p2yr9h83lsrpgbsx7ifoy	2025-10-15
17	f6z5q9yki2atmbujx98vsueoi4jugls1	2025-10-15
18	mmpzonqd9bescjv4je8edf0s2ir7jlty	2025-10-15
19	q6rfle0wwrrae9d4x8x1mmc2ovp5fa6r	2025-10-15
20	ie00y0eq0ovu7i241y0mklzwh9eur8x7	2025-10-15
21	crqs7s6g63fm1lkgr08jqvuf889rnj5t	2025-10-15
22	8vgu64pq6pommb2cg6oc8oilmdrlozmk	2025-10-15
23	5pdwnv7shiozpo85sebe8s9rdbgbhuit	2025-10-15
24	ty00lcdqpk9b843699xezhkpckc7d41o	2025-10-15
25	6fnu35fon361kcnngzlsis2xn8llbeoh	2025-10-15
26	xt4iybgz6nve5o9yvsuhcw1gabdfpqso	2025-10-15
27	ztbozxv13fuarudkqk147zkdjsirmuhe	2025-10-15
28	i7nq41n0s75ds8b41i9gizpckv153qzi	2025-10-15
29	stkvxu4qj8x3hvvwm4rvvckhdpjiiqs9	2025-10-15
30	3i479dwzs47ziodx9613z6y3vb36cf75	2025-10-15
31	tmkdeelc924ftbdogvkj6sklrrsb3bng	2025-10-15
32	8nurrgytgee2ewxxg8zky8z4z49wfftb	2025-10-15
33	uu74c95ho696bt207o7fo86alxzz5w1l	2025-10-15
34	2xb52x2anidwnmt6zsgfmxoafobq9ey7	2025-10-25
35	25bd260h7i2stbjv3wlv57kgh7mgbrnh	2025-10-25
36	i954tthkm8x1y5te5lrs6qfztqzvaedx	2025-10-25
37	pjnqnhxnw01d8ymvgdn1ut3qwzr7qn3j	2025-10-25
38	j7q6lyaedwnbm6qq1brukmj5w47bt9vh	2025-10-25
39	rp0zkn8g9f7t42vmw3y5v4ozv51txaa6	2025-10-25
\.


--
-- Data for Name: carts_cartitem; Type: TABLE DATA; Schema: public; Owner: postgres
--

COPY public.carts_cartitem (id, quantity, is_active, cart_id, product_id, user_id) FROM stdin;
41	1	t	35	2	\N
42	1	t	\N	11	2
2	1	t	1	1	3
43	1	t	36	11	\N
3	2	t	2	1	\N
5	1	t	4	12	\N
6	1	t	5	14	\N
7	1	t	6	11	\N
8	1	t	7	13	\N
9	1	t	8	4	\N
10	1	t	9	2	\N
11	1	t	10	8	\N
12	1	t	11	6	\N
13	1	t	12	7	\N
14	1	t	13	10	\N
15	1	t	14	5	\N
16	1	t	15	1	\N
17	1	t	16	3	\N
18	1	t	17	11	\N
19	1	t	18	4	\N
20	1	t	19	6	\N
21	1	t	20	2	\N
22	1	t	21	8	\N
23	1	t	22	10	\N
24	1	t	23	7	\N
25	1	t	24	5	\N
26	1	t	25	9	\N
27	1	t	26	3	\N
28	1	t	27	1	\N
29	1	t	28	12	\N
30	1	t	29	4	\N
31	1	t	30	6	\N
32	1	t	31	2	\N
33	1	t	32	8	\N
34	1	t	33	5	\N
44	1	t	37	2	4
45	1	t	\N	13	2
46	1	t	38	5	5
48	1	t	38	2	5
\.


--
-- Data for Name: carts_cartitem_variations; Type: TABLE DATA; Schema: public; Owner: postgres
--

COPY public.carts_cartitem_variations (id, cartitem_id, variation_id) FROM stdin;
\.


--
-- Data for Name: category_category; Type: TABLE DATA; Schema: public; Owner: postgres
--

COPY public.category_category (id, category_name, slug, description, cat_image) FROM stdin;
1	Face Care	face-care		
2	Hair Care	hair-care		
3	Body Care	body-care		
\.


--
-- Data for Name: django_admin_log; Type: TABLE DATA; Schema: public; Owner: postgres
--

COPY public.django_admin_log (id, action_time, object_id, object_repr, action_flag, change_message, content_type_id, user_id) FROM stdin;
1	2025-10-11 15:56:24.590354+00	1	Face Care	1	[{"added": {}}]	6	2
2	2025-10-11 15:59:03.046136+00	1	Product object (1)	1	[{"added": {}}, {"added": {"name": "product gallery", "object": "ProductGallery object (1)"}}, {"added": {"name": "key ingredient", "object": "KeyIngredient object (1)"}}]	11	2
3	2025-10-12 06:00:38.168281+00	1	AboutSettings object (1)	1	[{"added": {}}]	18	2
4	2025-10-12 06:01:18.583501+00	1	SmallBanner object (1)	1	[{"added": {}}]	12	2
5	2025-10-12 06:01:52.590828+00	1	Banner	1	[{"added": {}}]	24	2
6	2025-10-12 06:02:50.496788+00	2	Hair Care	1	[{"added": {}}]	6	2
7	2025-10-12 06:02:59.03355+00	3	Body Care	1	[{"added": {}}]	6	2
8	2025-10-12 06:24:23.62212+00	1	Product object (1)	2	[{"changed": {"fields": ["Description", "Price", "Images", "All ingredients", "Packaging details", "How to use", "Benefits"]}}, {"added": {"name": "product gallery", "object": "ProductGallery object (2)"}}, {"changed": {"name": "product gallery", "object": "ProductGallery object (1)", "fields": ["Image"]}}, {"added": {"name": "key ingredient", "object": "KeyIngredient object (2)"}}, {"added": {"name": "key ingredient", "object": "KeyIngredient object (3)"}}, {"changed": {"name": "key ingredient", "object": "KeyIngredient object (1)", "fields": ["Name", "Description", "Image"]}}]	11	2
9	2025-10-12 07:46:04.414577+00	1	Product object (1)	2	[{"changed": {"fields": ["Description", "Benefits"]}}]	11	2
10	2025-10-12 08:14:32.879091+00	1	Product object (1)	2	[{"changed": {"fields": ["Description"]}}]	11	2
11	2025-10-12 08:19:46.983215+00	2	Product object (2)	1	[{"added": {}}, {"added": {"name": "product gallery", "object": "ProductGallery object (3)"}}, {"added": {"name": "product gallery", "object": "ProductGallery object (4)"}}]	11	2
12	2025-10-12 08:20:08.166024+00	2	Product object (2)	2	[{"changed": {"fields": ["Benefits"]}}]	11	2
13	2025-10-12 08:24:09.144392+00	2	Product object (2)	2	[{"added": {"name": "key ingredient", "object": "KeyIngredient object (4)"}}, {"added": {"name": "key ingredient", "object": "KeyIngredient object (5)"}}, {"added": {"name": "key ingredient", "object": "KeyIngredient object (6)"}}, {"added": {"name": "key ingredient", "object": "KeyIngredient object (7)"}}]	11	2
14	2025-10-12 08:24:18.410265+00	2	Product object (2)	2	[{"deleted": {"name": "key ingredient", "object": "KeyIngredient object (None)"}}]	11	2
15	2025-10-12 08:30:34.508422+00	3	Product object (3)	1	[{"added": {}}, {"added": {"name": "product gallery", "object": "ProductGallery object (5)"}}, {"added": {"name": "product gallery", "object": "ProductGallery object (6)"}}]	11	2
16	2025-10-12 08:30:58.027669+00	2	Product object (2)	2	[{"changed": {"fields": ["How to use"]}}]	11	2
17	2025-10-12 08:31:19.487447+00	3	Product object (3)	2	[{"changed": {"fields": ["Benefits"]}}]	11	2
18	2025-10-12 08:32:10.152819+00	3	Product object (3)	2	[{"changed": {"fields": ["Description", "Benefits"]}}]	11	2
19	2025-10-12 08:32:40.240957+00	3	Product object (3)	2	[{"changed": {"fields": ["Benefits"]}}]	11	2
20	2025-10-12 08:32:59.170338+00	3	Product object (3)	2	[{"changed": {"fields": ["Benefits"]}}]	11	2
21	2025-10-12 08:40:54.520096+00	4	Product object (4)	1	[{"added": {}}, {"added": {"name": "product gallery", "object": "ProductGallery object (7)"}}, {"added": {"name": "product gallery", "object": "ProductGallery object (8)"}}]	11	2
22	2025-10-12 08:43:28.050228+00	4	Product object (4)	2	[{"changed": {"fields": ["Benefits"]}}, {"added": {"name": "key ingredient", "object": "KeyIngredient object (8)"}}, {"added": {"name": "key ingredient", "object": "KeyIngredient object (9)"}}]	11	2
23	2025-10-12 14:01:21.077692+00	5	Product object (5)	1	[{"added": {}}, {"added": {"name": "product gallery", "object": "ProductGallery object (9)"}}, {"added": {"name": "product gallery", "object": "ProductGallery object (10)"}}]	11	2
24	2025-10-12 14:06:27.129786+00	5	Product object (5)	2	[{"changed": {"fields": ["Benefits"]}}, {"added": {"name": "key ingredient", "object": "KeyIngredient object (10)"}}, {"added": {"name": "key ingredient", "object": "KeyIngredient object (11)"}}, {"added": {"name": "key ingredient", "object": "KeyIngredient object (12)"}}]	11	2
25	2025-10-12 14:13:28.591666+00	6	Product object (6)	1	[{"added": {}}, {"added": {"name": "product gallery", "object": "ProductGallery object (11)"}}, {"added": {"name": "product gallery", "object": "ProductGallery object (12)"}}]	11	2
26	2025-10-12 14:16:56.221661+00	6	Product object (6)	2	[{"changed": {"fields": ["Benefits"]}}, {"added": {"name": "key ingredient", "object": "KeyIngredient object (13)"}}, {"added": {"name": "key ingredient", "object": "KeyIngredient object (14)"}}]	11	2
27	2025-10-12 14:24:19.123563+00	7	Product object (7)	1	[{"added": {}}, {"added": {"name": "product gallery", "object": "ProductGallery object (13)"}}, {"added": {"name": "product gallery", "object": "ProductGallery object (14)"}}, {"added": {"name": "product gallery", "object": "ProductGallery object (15)"}}]	11	2
28	2025-10-12 14:25:42.131236+00	7	Product object (7)	2	[{"changed": {"fields": ["Benefits"]}}, {"added": {"name": "key ingredient", "object": "KeyIngredient object (15)"}}, {"added": {"name": "key ingredient", "object": "KeyIngredient object (16)"}}]	11	2
29	2025-10-12 14:33:25.430291+00	8	Product object (8)	1	[{"added": {}}, {"added": {"name": "product gallery", "object": "ProductGallery object (16)"}}, {"added": {"name": "product gallery", "object": "ProductGallery object (17)"}}, {"added": {"name": "key ingredient", "object": "KeyIngredient object (17)"}}, {"added": {"name": "key ingredient", "object": "KeyIngredient object (18)"}}, {"added": {"name": "key ingredient", "object": "KeyIngredient object (19)"}}, {"added": {"name": "key ingredient", "object": "KeyIngredient object (20)"}}]	11	2
30	2025-10-12 14:44:51.048662+00	9	Product object (9)	1	[{"added": {}}, {"added": {"name": "product gallery", "object": "ProductGallery object (18)"}}, {"added": {"name": "product gallery", "object": "ProductGallery object (19)"}}, {"added": {"name": "product gallery", "object": "ProductGallery object (20)"}}]	11	2
31	2025-10-12 14:46:50.884628+00	9	Product object (9)	2	[{"changed": {"fields": ["Benefits"]}}, {"added": {"name": "key ingredient", "object": "KeyIngredient object (21)"}}, {"added": {"name": "key ingredient", "object": "KeyIngredient object (22)"}}, {"added": {"name": "key ingredient", "object": "KeyIngredient object (23)"}}]	11	2
32	2025-10-12 14:53:21.120844+00	10	Product object (10)	1	[{"added": {}}, {"added": {"name": "product gallery", "object": "ProductGallery object (21)"}}, {"added": {"name": "product gallery", "object": "ProductGallery object (22)"}}]	11	2
33	2025-10-12 14:58:57.865492+00	10	Product object (10)	2	[{"added": {"name": "key ingredient", "object": "KeyIngredient object (24)"}}, {"added": {"name": "key ingredient", "object": "KeyIngredient object (25)"}}]	11	2
34	2025-10-12 15:00:49.245089+00	5	Product object (5)	2	[{"added": {"name": "product gallery", "object": "ProductGallery object (23)"}}]	11	2
35	2025-10-12 15:15:15.345229+00	11	Product object (11)	1	[{"added": {}}, {"added": {"name": "key ingredient", "object": "KeyIngredient object (26)"}}, {"added": {"name": "key ingredient", "object": "KeyIngredient object (27)"}}, {"added": {"name": "key ingredient", "object": "KeyIngredient object (28)"}}, {"added": {"name": "key ingredient", "object": "KeyIngredient object (29)"}}]	11	2
36	2025-10-12 15:21:29.977073+00	12	Product object (12)	1	[{"added": {}}, {"added": {"name": "product gallery", "object": "ProductGallery object (24)"}}, {"added": {"name": "product gallery", "object": "ProductGallery object (25)"}}]	11	2
37	2025-10-12 15:23:46.066675+00	12	Product object (12)	2	[{"added": {"name": "key ingredient", "object": "KeyIngredient object (30)"}}, {"added": {"name": "key ingredient", "object": "KeyIngredient object (31)"}}, {"added": {"name": "key ingredient", "object": "KeyIngredient object (32)"}}]	11	2
38	2025-10-12 15:33:04.507067+00	13	Product object (13)	1	[{"added": {}}, {"added": {"name": "product gallery", "object": "ProductGallery object (26)"}}, {"added": {"name": "product gallery", "object": "ProductGallery object (27)"}}, {"added": {"name": "key ingredient", "object": "KeyIngredient object (33)"}}, {"added": {"name": "key ingredient", "object": "KeyIngredient object (34)"}}]	11	2
39	2025-10-12 15:43:01.678472+00	14	Product object (14)	1	[{"added": {}}, {"added": {"name": "product gallery", "object": "ProductGallery object (28)"}}, {"added": {"name": "product gallery", "object": "ProductGallery object (29)"}}, {"added": {"name": "key ingredient", "object": "KeyIngredient object (35)"}}, {"added": {"name": "key ingredient", "object": "KeyIngredient object (36)"}}, {"added": {"name": "key ingredient", "object": "KeyIngredient object (37)"}}]	11	2
40	2025-10-12 15:43:27.917597+00	1	Product object (1)	2	[{"changed": {"fields": ["Is bestseller"]}}]	11	2
41	2025-10-12 15:43:33.410404+00	1	Product object (1)	2	[]	11	2
42	2025-10-12 15:43:49.147156+00	3	Product object (3)	2	[{"changed": {"fields": ["Is bestseller"]}}]	11	2
43	2025-10-12 15:44:08.435004+00	6	Product object (6)	2	[{"changed": {"fields": ["Is bestseller"]}}]	11	2
44	2025-10-12 15:44:19.64365+00	8	Product object (8)	2	[{"changed": {"fields": ["Is bestseller", "Benefits"]}}]	11	2
45	2025-10-12 15:48:03.485006+00	3	Product object (3)	2	[{"added": {"name": "key ingredient", "object": "KeyIngredient object (38)"}}, {"added": {"name": "key ingredient", "object": "KeyIngredient object (39)"}}, {"added": {"name": "key ingredient", "object": "KeyIngredient object (40)"}}, {"added": {"name": "key ingredient", "object": "KeyIngredient object (41)"}}]	11	2
46	2025-10-13 06:21:28.172295+00	11	Product object (11)	2	[{"changed": {"fields": ["Price"]}}]	11	2
47	2025-10-13 06:21:42.523146+00	1	Product object (1)	2	[{"changed": {"fields": ["Category"]}}]	11	2
48	2025-10-13 06:27:05.09693+00	12	Product object (12)	2	[{"changed": {"fields": ["Benefits"]}}]	11	2
49	2025-10-13 06:28:12.731682+00	12	Product object (12)	2	[{"changed": {"fields": ["Benefits"]}}]	11	2
50	2025-10-13 06:28:54.823577+00	9	Product object (9)	2	[{"changed": {"fields": ["Benefits"]}}]	11	2
51	2025-10-13 06:29:04.057327+00	14	Product object (14)	2	[]	11	2
52	2025-10-13 06:29:10.795452+00	13	Product object (13)	2	[]	11	2
53	2025-10-13 06:29:20.342188+00	11	Product object (11)	2	[]	11	2
54	2025-10-13 06:29:34.379909+00	10	Product object (10)	2	[{"changed": {"fields": ["Benefits"]}}]	11	2
55	2025-10-13 06:29:43.080595+00	9	Product object (9)	2	[]	11	2
56	2025-10-13 06:29:59.375195+00	8	Product object (8)	2	[{"changed": {"fields": ["Benefits"]}}]	11	2
57	2025-10-13 06:30:09.618561+00	7	Product object (7)	2	[{"changed": {"fields": ["Benefits"]}}]	11	2
58	2025-10-13 06:30:24.21805+00	6	Product object (6)	2	[{"changed": {"fields": ["Benefits"]}}]	11	2
59	2025-10-13 06:30:34.493605+00	5	Product object (5)	2	[{"changed": {"fields": ["Benefits"]}}]	11	2
60	2025-10-13 06:30:49.983955+00	4	Product object (4)	2	[{"changed": {"fields": ["Benefits"]}}]	11	2
61	2025-10-13 06:30:57.32004+00	3	Product object (3)	2	[]	11	2
62	2025-10-13 06:31:04.851775+00	2	Product object (2)	2	[]	11	2
63	2025-10-13 06:31:15.879931+00	1	Product object (1)	2	[{"changed": {"fields": ["Benefits"]}}]	11	2
64	2025-10-13 06:31:54.051592+00	9	Product object (9)	2	[{"changed": {"fields": ["Quantity"]}}]	11	2
65	2025-10-13 06:32:37.932715+00	1	Product object (1)	2	[{"changed": {"fields": ["Quantity"]}}]	11	2
66	2025-10-13 06:32:45.401269+00	2	Product object (2)	2	[]	11	2
67	2025-10-13 06:32:53.169405+00	3	Product object (3)	2	[]	11	2
68	2025-10-13 06:33:01.085802+00	4	Product object (4)	2	[]	11	2
69	2025-10-13 06:33:13.348018+00	5	Product object (5)	2	[]	11	2
70	2025-10-13 06:33:20.863297+00	5	Product object (5)	2	[]	11	2
71	2025-10-13 06:33:29.236223+00	6	Product object (6)	2	[]	11	2
72	2025-10-13 06:33:39.480568+00	7	Product object (7)	2	[]	11	2
73	2025-10-13 06:33:50.452741+00	8	Product object (8)	2	[]	11	2
74	2025-10-13 06:34:03.132681+00	9	Product object (9)	2	[{"changed": {"fields": ["Quantity"]}}]	11	2
75	2025-10-13 06:34:10.99489+00	10	Product object (10)	2	[]	11	2
76	2025-10-13 06:34:19.216369+00	10	Product object (10)	2	[]	11	2
77	2025-10-13 06:34:27.951316+00	11	Product object (11)	2	[]	11	2
78	2025-10-13 06:34:33.461882+00	14	Product object (14)	2	[]	11	2
79	2025-10-13 06:34:48.51939+00	13	Product object (13)	2	[{"changed": {"fields": ["Quantity"]}}]	11	2
80	2025-10-13 06:34:55.282815+00	12	Product object (12)	2	[]	11	2
81	2025-10-15 06:42:19.918892+00	1	Product object (1)	2	[{"changed": {"fields": ["Price"]}}]	11	2
82	2025-10-15 10:12:39.405651+00	1	Product object (1)	2	[{"changed": {"fields": ["Price"]}}]	11	2
83	2025-10-25 07:51:38.339831+00	7	Arthikasri	3		21	2
84	2025-10-25 07:51:38.343656+00	5	Arthikasri	3		21	2
85	2025-10-25 07:51:38.345784+00	2	ecopure	3		21	2
86	2025-10-25 07:51:38.3474+00	1	Arthikasri	3		21	2
\.


--
-- Data for Name: django_content_type; Type: TABLE DATA; Schema: public; Owner: postgres
--

COPY public.django_content_type (id, app_label, model) FROM stdin;
1	admin	logentry
2	auth	permission
3	auth	group
4	contenttypes	contenttype
5	sessions	session
6	category	category
7	accounts	account
8	accounts	userprofile
9	accounts	pointsledger
10	accounts	pointswallet
11	store	product
12	store	smallbanner
13	store	variation
14	store	reviewrating
15	store	productgallery
16	store	wishlist
17	store	keyingredient
18	store	aboutsettings
19	carts	cart
20	carts	cartitem
21	orders	order
22	orders	payment
23	orders	orderproduct
24	banners	banner
\.


--
-- Data for Name: django_migrations; Type: TABLE DATA; Schema: public; Owner: postgres
--

COPY public.django_migrations (id, app, name, applied) FROM stdin;
1	contenttypes	0001_initial	2025-10-11 13:54:13.576069+00
2	contenttypes	0002_remove_content_type_name	2025-10-11 13:54:13.588367+00
3	auth	0001_initial	2025-10-11 13:54:13.648198+00
4	auth	0002_alter_permission_name_max_length	2025-10-11 13:54:13.657611+00
5	auth	0003_alter_user_email_max_length	2025-10-11 13:54:13.664722+00
6	auth	0004_alter_user_username_opts	2025-10-11 13:54:13.675046+00
7	auth	0005_alter_user_last_login_null	2025-10-11 13:54:13.68139+00
8	auth	0006_require_contenttypes_0002	2025-10-11 13:54:13.685608+00
9	auth	0007_alter_validators_add_error_messages	2025-10-11 13:54:13.693923+00
10	auth	0008_alter_user_username_max_length	2025-10-11 13:54:13.700873+00
11	auth	0009_alter_user_last_name_max_length	2025-10-11 13:54:13.712446+00
12	auth	0010_alter_group_name_max_length	2025-10-11 13:54:13.723715+00
13	auth	0011_update_proxy_permissions	2025-10-11 13:54:13.731531+00
14	auth	0012_alter_user_first_name_max_length	2025-10-11 13:54:13.740832+00
15	accounts	0001_initial	2025-10-11 13:54:13.815768+00
16	accounts	0002_pointsledger_pointswallet	2025-10-11 13:54:13.858739+00
17	admin	0001_initial	2025-10-11 13:54:13.888716+00
18	admin	0002_logentry_remove_auto_add	2025-10-11 13:54:13.899731+00
19	admin	0003_logentry_add_action_flag_choices	2025-10-11 13:54:13.913318+00
20	banners	0001_initial	2025-10-11 13:54:13.924019+00
21	category	0001_initial	2025-10-11 13:54:13.950526+00
25	sessions	0001_initial	2025-10-11 13:54:14.326881+00
\.


--
-- Data for Name: django_session; Type: TABLE DATA; Schema: public; Owner: postgres
--

COPY public.django_session (session_key, session_data, expire_date) FROM stdin;
69dsqg3ukz5ehrns1sdq6w032496ze9t	e30:1v7aJr:4cGZqGngwN4sj5dk3Qh9XntN15qJxCmK4vq7a7pRPQ0	2025-10-25 14:11:35.965693+00
ntovmyoobrnvwd4m97084hw4jp3m1k64	e30:1v7aK3:grfyNQUpUuU7dMC7-ZB3oUnx2GA-sJ8-ORIzEJKDi34	2025-10-25 14:11:47.873458+00
cyps06y7exyq6lhhjsqhe0ogslt1u7u4	e30:1v7aLr:19Tt7ml0EIGhWeWk_UT6NJKOGnu4lhbK6kL_eM7aooE	2025-10-25 14:13:39.188502+00
hw94xdb5rtanz7jhdwj3es4bi5kl78no	e30:1v7agJ:YsEp0mNaK9JjyBWm0rTK9_9Ujqb8t7JEkhQqALjNlvI	2025-10-25 14:34:47.117+00
nof3jbgqyxspwv4clyz2mpad1uyp4xvb	e30:1v7bMV:wemhiaPmKq8Dgp4BnZi0i4K0TxpbNiQ037fiHMDYd5w	2025-10-25 15:18:23.684525+00
mrct1kue0ojd6k3j4r1wpl57uau8spkm	e30:1v7bT9:9zLv5c_bfpoC5rkPXqZKzLunYi3vZmgOy1FBixELvac	2025-10-25 15:25:15.386304+00
4md5r58raq63ba88oqcxe2go10wc9zse	.eJxVjDkOwjAUBe_iGlmx8UpJnzNY9l9wADlSnFSIu0OkFNC-mXkvkfK21rR1WtKE4iK0OP1uJcOD2g7wntttljC3dZmK3BV50C7HGel5Pdy_g5p7_dY5oOfASIYGC56i1tEXzYMhcujIeB8VnI2yyGgVMDvrwHBA65QKVrw__ws4KQ:1v7bwe:sqrCPVTAa4rcVbftYfs7RNFKUirxdaDQvVXIxGGHe5w	2025-10-25 15:55:44.188784+00
3w66s00zptyfymeag3anjandnabk3px2	e30:1v7c4D:fFzEtXscXUi4bcH31gCnNfPUwbAgLtR5n1NooIsx7vU	2025-10-25 16:03:33.815833+00
6n4ro3w2g4eyqg5w4q5cjavl837vnsfe	e30:1v7c5W:FmXeespi0HT2RjNylAQebouefg-SEWcYxUnGC9AMOfE	2025-10-25 16:04:54.556129+00
xc3vlm4wo1ti5xv8pikogx9o6x5lab8c	e30:1v7c5r:QqAPk1njKq1JE1sbVEitrSf3eIhe1fKSWR4u0UkAEz4	2025-10-25 16:05:15.503157+00
mjsueuq1dcbw88yp36rk42xoicyojqfl	.eJxVjDsOwjAQBe_iGln-bWJT0nMGa71r4wBypDipEHeHSCmgfTPzXiLitta49bzEicVZWHH63RLSI7cd8B3bbZY0t3WZktwVedAurzPn5-Vw_w4q9vqtA6usHGrtPNlSAowMXhdntM1usMigBkgO2EMwxKBLcgWNJ0K0ZlTi_QHRWDeZ:1v7cF4:_htBUqHvGCa0jjF-BN1Hng3p7KtBZxkltXwmvpjm3RM	2025-10-25 16:14:46.559359+00
857zdaoy0ub9grsh0t31q8vi6zdfblsy	e30:1v7cLp:UMjJymv7BMpScMH9IEzv5W-lqU5asvU-BbYusjMEBU0	2025-10-25 16:21:45.579343+00
shsjbjt90k3kyu4g51273lxyw6stcmpb	e30:1v7cr3:1CmraolvlohnCYnzNK2itlVDWs63ZLH5Qnb7DokcTtQ	2025-10-25 16:54:01.367673+00
pbc1sjt2x717ix0uxlmtpbqodp85ov7t	e30:1v7dvm:7T34u2w0A8gOD1d-xCEIxSIAOSuVr69i-JQhWaVKTYw	2025-10-25 18:02:58.369021+00
lzzhrrbzij0548n82m4icif4r65h6put	e30:1v7dvn:Bj_TRA8fLaXqQbg6NAVTZBuXkSjYjUm8kq4CGW9DEdY	2025-10-25 18:02:59.307048+00
tfp2ytsq7giflusnct72f22u54j9bq4n	e30:1v7dvn:Bj_TRA8fLaXqQbg6NAVTZBuXkSjYjUm8kq4CGW9DEdY	2025-10-25 18:02:59.334558+00
zw5q5fobgfnv31nujdabptkcnhsd3py0	e30:1v7dwk:svALMr-Z0lymdaRQdrzmx1pPwr8-HFenM6Tghgs2jVc	2025-10-25 18:03:58.317569+00
g7rl78eg20ctnv8gn7cee6azk6xzqccu	e30:1v7dwk:svALMr-Z0lymdaRQdrzmx1pPwr8-HFenM6Tghgs2jVc	2025-10-25 18:03:58.599649+00
d5rtpl57c6itfadn72q0fp174zrxm9if	e30:1v7dwk:svALMr-Z0lymdaRQdrzmx1pPwr8-HFenM6Tghgs2jVc	2025-10-25 18:03:58.671124+00
x9598p40xxn9wy0tswq903m7gv79dzbv	e30:1v7e6i:twr7wZ2F9X829hU2g7VsVXAya5tXeWkCb8knib0Z9WM	2025-10-25 18:14:16.475535+00
igfgsn6n57fq8o1kj7dm4b3lifpu7865	e30:1v7e6p:g8PbaqhHDOm5O8fsa8XGnbp1i2NhZ22lSl2cRG6MK6g	2025-10-25 18:14:23.320797+00
bgouaopdxp2pqgbzjeka0sox338u2p5m	e30:1v7e6w:8s9H1Yxm_iJxs1BK7WGjyZzSeTIzVZfPyPRhUrRXmRQ	2025-10-25 18:14:30.375806+00
uksq1m4lc65anxrtogf2ew18a9kh5cz5	e30:1v7e73:2w8BXo1uGq3-_SGGwOIkiTRMwHcfo7LKpFMlnqyhddc	2025-10-25 18:14:37.537517+00
600mpqat7xzasazcnqdohg94fsm9gz8a	e30:1v7ii4:2B5WL6854b6j6PxbThHdow6-0QccNt2l4KWxrO1EUeE	2025-10-25 23:09:08.569755+00
8lz4djqu813w6o330af1mxxemmlb498x	e30:1v7ii4:2B5WL6854b6j6PxbThHdow6-0QccNt2l4KWxrO1EUeE	2025-10-25 23:09:08.716279+00
0ke05ix6bgc3t3ti6eamlilvdqs5nrua	e30:1v7ii7:IgGWwSgzcB5ABlehxahS-jdom5EWElgB999bvoZSAC4	2025-10-25 23:09:11.724399+00
wl0ou6ddwqfll6svclseux566zoxeiva	e30:1v7j24:Vg8ctnGvL5KTjoPx_4R8JxL1kdwHoxU31Cu6ZSd1_tc	2025-10-25 23:29:48.151794+00
g106ja67qcvybhp5rkxfgi73xgw9md42	e30:1v7k0H:YZAFLfaTK6KrZOWJX3NWXsmawhkTq8GDj1tjO7IeMos	2025-10-26 00:32:01.829262+00
jo4vvmjl4rqo2ohqjud102wmh0a71yge	e30:1v7kIy:fBK5T4G5QM8LV_grE0tqxi-IwGe0S6Qjio-Nh9Po4xs	2025-10-26 00:51:20.909765+00
cddq77o68zvn4imn5pmz076zbs1ibs59	e30:1v7kJ6:-3z1V7YbI-UoKcakw9BLKxAmKtc3IrntgpgEVq5sGXI	2025-10-26 00:51:28.85166+00
idxntm8en8vyi9sxcdi18lr3k07s7hm5	e30:1v7kJB:TinY3GRkIMD3eGTow072UetEYZszVeGe89-Y5t0J5EU	2025-10-26 00:51:33.15531+00
jgbc9jcmi6h5dv7g835x2ps7c1mrw7r4	e30:1v7kWd:ihGGLLhSulP25R0ffAMyt_9mXRVfY5d2Uxksku3ZnuU	2025-10-26 01:05:27.15557+00
rgycrd07q1682ummttavma06buz9zdip	e30:1v7kXg:YHx830EVolQED3JX12X1UPcsYjuTvV0hcTeq6PPFP78	2025-10-26 01:06:32.140771+00
pjci9b9tx5du48qbo9r8t33v6yzdjsyx	e30:1v7kdz:VJrwpZelGIRDfdNlrbZ07f7Vr4v4UjO0FwzW73WWGQ8	2025-10-26 01:13:03.054369+00
98mchh0zcqajv6atqotwrmg7ooxajc5k	e30:1v7lk0:dM4Q7EuR8gLSOiepGLNx1eKJWMdDzaOgQ00945Rj5Ps	2025-10-26 02:23:20.004952+00
6eptyep7286h2adjofug36dd7crhj53c	e30:1v7nu6:ZufLViGfaDgL74BQMOMswcjTBV95c30aLvumdexDwP4	2025-10-26 04:41:54.651792+00
bo08s91ig0ezqumdkbyipb305ddgtr7h	e30:1v7nu8:qIZfwE6RwfLsMF-kMjlv8J1updCbMVzZ27djSalQtHU	2025-10-26 04:41:56.988024+00
8i5gw7ppuyci5bbti8wxmapmvqww3qgp	e30:1v7nu9:rwTj4owcTrPrOqmyDDwl0XYEE6rGqT-BkYU7F_jVNEQ	2025-10-26 04:41:57.296523+00
3o6c7gqa9807m8yx1ygnwipeik2cuiqj	e30:1v7nu9:rwTj4owcTrPrOqmyDDwl0XYEE6rGqT-BkYU7F_jVNEQ	2025-10-26 04:41:57.338359+00
uqcw5icn3opeaiu08370m3nniikhhzt0	e30:1v7nu9:rwTj4owcTrPrOqmyDDwl0XYEE6rGqT-BkYU7F_jVNEQ	2025-10-26 04:41:57.382731+00
s4cz8q22oib42eu9evuwlmxazdzv9p1o	e30:1v7nu9:rwTj4owcTrPrOqmyDDwl0XYEE6rGqT-BkYU7F_jVNEQ	2025-10-26 04:41:57.433923+00
o4r6e5ij6opa7ktf5vtc4q0rvsnn3xkr	e30:1v7nu9:rwTj4owcTrPrOqmyDDwl0XYEE6rGqT-BkYU7F_jVNEQ	2025-10-26 04:41:57.491429+00
l0d6irilfcw5njdzxwdv4xdgxur895zh	e30:1v7nu9:rwTj4owcTrPrOqmyDDwl0XYEE6rGqT-BkYU7F_jVNEQ	2025-10-26 04:41:57.527217+00
w79gk5m4d5eaiqkxiwub0m4a69v4ephy	e30:1v7nu9:rwTj4owcTrPrOqmyDDwl0XYEE6rGqT-BkYU7F_jVNEQ	2025-10-26 04:41:57.560525+00
6kuezm5ea5ma728j0p35v8n1p861nz2g	e30:1v7nu9:rwTj4owcTrPrOqmyDDwl0XYEE6rGqT-BkYU7F_jVNEQ	2025-10-26 04:41:57.596037+00
e7fqwsk6ijf46mbe2wld7t4ygfh0lzlr	e30:1v7nu9:rwTj4owcTrPrOqmyDDwl0XYEE6rGqT-BkYU7F_jVNEQ	2025-10-26 04:41:57.639958+00
vzm7mm7ui5ydl3h136nf1tv9id87fhjo	e30:1v7nu9:rwTj4owcTrPrOqmyDDwl0XYEE6rGqT-BkYU7F_jVNEQ	2025-10-26 04:41:57.797485+00
p9xxuxrgyn4urcqkdr355bjeeh76yj0e	e30:1v7nuA:xv9bPWwLI59j4S0HpZgKX3qDsOprhAHrUnrhm0auVU4	2025-10-26 04:41:58.499493+00
n7vlr1sjgqnmlav431bpvfvg259lkr1k	e30:1v7oOG:9sfC9Gec4ogGMg4cNJDNfvTe3D8tOWtYkythExao2Go	2025-10-26 05:13:04.763387+00
ap2learffybmt2jhyk1c8b05ny0ui85s	e30:1v7ooE:bAdp5mSAjNtEopOdMTu4ThjGvy2fnaTLtRzEe54k91E	2025-10-26 05:39:54.081441+00
qbddmnuw1iu5m9jl7tfdx5gnfmr1o2p9	.eJxVjDkOwjAUBe_iGlmx8UpJnzNY9l9wADlSnFSIu0OkFNC-mXkvkfK21rR1WtKE4iK0OP1uJcOD2g7wntttljC3dZmK3BV50C7HGel5Pdy_g5p7_dY5oOfASIYGC56i1tEXzYMhcujIeB8VnI2yyGgVMDvrwHBA65QKVrw__ws4KQ:1v7p4H:5Xc6OBCxSM5rS_M4yuAel0EP7CJDBMWdpr5rvJE2zZg	2025-10-26 05:56:29.261772+00
emzu0d7yzjtbakhljt2nruemgyiw7bv6	e30:1v7pH0:Yv0k0ChAEjcEFTrx02RYK9TdtrroAx6HN9MUpafTg8I	2025-10-26 06:09:38.289784+00
pnupu630g0ggz43jt5pdu3x619lxqs3t	e30:1v7pH2:BzHsvAf4XqYouAik8ddGALI7ztSwmCDCRNX2Iltc30g	2025-10-26 06:09:40.873307+00
s3kbtlpqrnm6mvfqaeh6pozglbt6w9t5	e30:1v7pH2:BzHsvAf4XqYouAik8ddGALI7ztSwmCDCRNX2Iltc30g	2025-10-26 06:09:40.911336+00
hzrhnaq41pls5ybmq4f99lqym01mgk4i	e30:1v7pH2:BzHsvAf4XqYouAik8ddGALI7ztSwmCDCRNX2Iltc30g	2025-10-26 06:09:40.955733+00
wtwz6el5dbketnf8lc1ko2j6489lfigt	e30:1v7pH3:FZ994mPo-e1oSjLtudo-a29L_JpywCYvYVVGEMQNEtY	2025-10-26 06:09:41.000936+00
iglu5v3zkn5dv7gbfjj9xcep4d6tyvu7	e30:1v7pH3:FZ994mPo-e1oSjLtudo-a29L_JpywCYvYVVGEMQNEtY	2025-10-26 06:09:41.040655+00
eer8rz5twt1df5d4gj7dedp2tfr3f15r	e30:1v7pH3:FZ994mPo-e1oSjLtudo-a29L_JpywCYvYVVGEMQNEtY	2025-10-26 06:09:41.075587+00
2q884hj7taoebdh10g03dgay6dntjxk2	e30:1v7pH3:FZ994mPo-e1oSjLtudo-a29L_JpywCYvYVVGEMQNEtY	2025-10-26 06:09:41.109838+00
23upgbx8q9m1fezp8b2h1kmh2h8u1jt3	e30:1v7pgi:zZYHqiHlxfKdLenSNoTCR45exa1TQ816_1InIptEGic	2025-10-26 06:36:12.555157+00
xj764ucda6tdi4x149hihyxkvxzx5sfj	e30:1v7pH3:FZ994mPo-e1oSjLtudo-a29L_JpywCYvYVVGEMQNEtY	2025-10-26 06:09:41.144709+00
3t0p5h27oorqylccu4aloky456ag0z4m	e30:1v876q:MMu-D1iEqFtqLW0Ek1_Fdj1oMxRN-OyjqPaiw63mLVc	2025-10-27 01:12:20.814047+00
5ftf3py54vym6qe3in6mmf2i84p6lrvn	e30:1v7pH3:FZ994mPo-e1oSjLtudo-a29L_JpywCYvYVVGEMQNEtY	2025-10-26 06:09:41.177673+00
bbx3mdh2rmm11p296wguknq111rl5ww7	e30:1v7pgi:zZYHqiHlxfKdLenSNoTCR45exa1TQ816_1InIptEGic	2025-10-26 06:36:12.592692+00
ztikb3ceqviwg068e2ilcsaqurnnau84	e30:1v7pH3:FZ994mPo-e1oSjLtudo-a29L_JpywCYvYVVGEMQNEtY	2025-10-26 06:09:41.211894+00
vk4r50gynn4xurfc20orbnl3ddoe99bb	e30:1v7pH3:FZ994mPo-e1oSjLtudo-a29L_JpywCYvYVVGEMQNEtY	2025-10-26 06:09:41.41679+00
j9aj4mw079a62cd0es9ywg5xhv7ucz0z	e30:1v7pgr:UStzzUIIubNCUqPsVLZvQwh4Dffxc2OBQCS8gx2K5Jg	2025-10-26 06:36:21.351409+00
g6cj20bkux618sq47s2bcd8n3a53sefr	e30:1v7pH3:FZ994mPo-e1oSjLtudo-a29L_JpywCYvYVVGEMQNEtY	2025-10-26 06:09:41.799434+00
pdka2alcyo3qtef9efzinfdjhtnnxt5l	e30:1v7pgr:UStzzUIIubNCUqPsVLZvQwh4Dffxc2OBQCS8gx2K5Jg	2025-10-26 06:36:21.384867+00
wq1omudxxxf7svs0iok4c71xx9u6o7lz	e30:1v7pgr:UStzzUIIubNCUqPsVLZvQwh4Dffxc2OBQCS8gx2K5Jg	2025-10-26 06:36:21.753178+00
pxpxhsksy45asmysbh8pay681pzs8ddv	e30:1v7qSw:jfpQYS9y4G6B59ns2quPKCLGPDQ6xoOUtNghtVSARWs	2025-10-26 07:26:02.032853+00
w4ujv5k8z6r5u3ylfok8osafzvpqp5qw	e30:1v7qSw:jfpQYS9y4G6B59ns2quPKCLGPDQ6xoOUtNghtVSARWs	2025-10-26 07:26:02.86674+00
9d0o5kv7qp3ghzhoqd2ttcl32u2cpmsu	e30:1v7qSw:jfpQYS9y4G6B59ns2quPKCLGPDQ6xoOUtNghtVSARWs	2025-10-26 07:26:02.902249+00
ssm94829nv2bp060403e1xyx608vz3vf	e30:1v7qZd:TeerEp4u9-H8Sz_UdcMOg-NlumdDIDcW7phDdLAfbnw	2025-10-26 07:32:57.684936+00
qf0hxgj33716648wn7gsyx7vj400yqwx	e30:1v7qZd:TeerEp4u9-H8Sz_UdcMOg-NlumdDIDcW7phDdLAfbnw	2025-10-26 07:32:57.722935+00
diz00nuij12z915mkkbs2ghez5z3syft	e30:1v7qZg:TruLFnvGXWImZcJ04sBifs5yaMrVAkDr1IMMMkCpSWw	2025-10-26 07:33:00.720572+00
j0c2dupvvvl527la90jrspt2gluekabm	e30:1v7qZz:2-WV8pgXLdGYTA-NsWF42rjM6tMjs0m-LfgXabw5EaI	2025-10-26 07:33:19.267883+00
5x7uz2w6p403oyhpp6su4z1uqnxgh07t	e30:1v7quw:0-CsbxIDvkKMhJ__OayRF2nQpW8U4uUed-TmNBb5PH0	2025-10-26 07:54:58.82429+00
0oje0jr19uqu9t2s4veufmfk24zdxwih	e30:1v7qux:UJsz4d3zuvPA_vLPykVMFtJi-wmyNhlIOAOXisFdST4	2025-10-26 07:54:59.739301+00
orkq5itou68123bcbgmiiw8lhvmo6n4o	e30:1v7qux:UJsz4d3zuvPA_vLPykVMFtJi-wmyNhlIOAOXisFdST4	2025-10-26 07:54:59.772549+00
ikhokpt6u3101w6yx73g29s78ibglzju	e30:1v7r3P:hqOlQ7Bbmk4f3Pvug6oAfR2Z9J1ghFqO09FoXOxIgBc	2025-10-26 08:03:43.322603+00
nqcos8qjant5xrv9xe3j9qlaexodab1y	e30:1v7rCc:OdxbUB6an1azdnoBxRxCYPJrH-9YwW3IPictXloEi-4	2025-10-26 08:13:14.683078+00
r9tpmdq5kwx7hknxyyknvwzmm26z5g6u	e30:1v7rCc:OdxbUB6an1azdnoBxRxCYPJrH-9YwW3IPictXloEi-4	2025-10-26 08:13:14.73223+00
x1wvp1fviq4fv00j29y08fs2dsadjiqp	e30:1v7rCc:OdxbUB6an1azdnoBxRxCYPJrH-9YwW3IPictXloEi-4	2025-10-26 08:13:14.775279+00
6jsx2p4mmy35ynaken7drkvukcx6cox9	e30:1v7rCc:OdxbUB6an1azdnoBxRxCYPJrH-9YwW3IPictXloEi-4	2025-10-26 08:13:14.817257+00
b1hykdsnvhkfmehjt4vjudd4gzleiuz4	e30:1v7tEG:1i-EpnHXK5zyzQL8ASzUlZVQKETv-verGlXz_j1xgDk	2025-10-26 10:23:04.51666+00
6f5bf9lire1swb2sc3fs3kq285fa5ft6	e30:1v7tEH:F-0G9nkJ6kI69PWUx4haOv9rcQGO5k8JJ2ezHqUs7v8	2025-10-26 10:23:05.360548+00
1i2sf9qabnssispkyz3c2ywbtm1mn4f2	e30:1v7tEH:F-0G9nkJ6kI69PWUx4haOv9rcQGO5k8JJ2ezHqUs7v8	2025-10-26 10:23:05.441162+00
tio8xr8ofdi8ah4igvaaedtg820r09ls	e30:1v7tFr:0AHT0zoYKsh0Br2aa_-iERfpr-mM5FtHG97FI0aGNAI	2025-10-26 10:24:43.318947+00
71j46adevyd5v77dmcxp7def4f971y2t	e30:1v7tFr:0AHT0zoYKsh0Br2aa_-iERfpr-mM5FtHG97FI0aGNAI	2025-10-26 10:24:43.889017+00
l7wlrlq7ddb3nanx40aekggvmebpuijx	e30:1v7tFs:jirORbnAkHx6pwd3cJVfTcOGHo5UFjbTO1qx58b0P-c	2025-10-26 10:24:44.085591+00
y8j7p1jjnli2cgucn0qp11eksald92wx	e30:1v7tFz:TsSYkvcTixgCRGY-6nId_lpaDuMxQx55NfImUqTzIhg	2025-10-26 10:24:51.533792+00
z6qocrs1pyyt1uljw7jkgbqn9x4qjqj0	e30:1v7tFz:TsSYkvcTixgCRGY-6nId_lpaDuMxQx55NfImUqTzIhg	2025-10-26 10:24:51.845552+00
zilbumxa2dhwgwxv2czxscvxn2hdfq1k	e30:1v7tFz:TsSYkvcTixgCRGY-6nId_lpaDuMxQx55NfImUqTzIhg	2025-10-26 10:24:51.92654+00
5k0lpk4slw4jcsyun2cagr1vv7nubp41	e30:1v7tfc:6UGMNJdyq7b9zcl8obCRNZpS71vE3wNwdonCvoLnbxE	2025-10-26 10:51:20.328869+00
rjkbt4v4dimkkmkgxt2skxyj82baqo2v	e30:1v7tfc:6UGMNJdyq7b9zcl8obCRNZpS71vE3wNwdonCvoLnbxE	2025-10-26 10:51:20.480076+00
724olkrelileangil15khqk49vler7kr	e30:1v7upG:YuLHCVqRaOV8L7TtCTQkoQEEmfUEKXVopjMU_2xzW6s	2025-10-26 12:05:22.452045+00
ph7ugoanw6m674jzo4l77afkal83ez4o	e30:1v7upH:jrx9LBx1HyW6-d1xCaGhwMSBuLSD0wT96fH2rN3hcWc	2025-10-26 12:05:23.373963+00
6wo4qknmlov89x4tpotx2orjqqwbg6kb	e30:1v7upH:jrx9LBx1HyW6-d1xCaGhwMSBuLSD0wT96fH2rN3hcWc	2025-10-26 12:05:23.410489+00
lmypyvt5uhbe5g548vqmzrh947n5u4e1	e30:1v7wDO:4GqJ8YUXkezODBTFurARb1QJuBBnJ8ZVbCXcM2hLvgE	2025-10-26 13:34:22.708678+00
6ljyzqt3mcche3clx3pvwqqjtwpjwta7	e30:1v7xTg:h5kQCigaCnM312omNFV8HXsFvOwpcGUEwoaLoCbHjng	2025-10-26 14:55:16.015899+00
us0b75if9isfopt3cmjl4uevevriytdl	e30:1v7xeL:Gr9ci4LyINDv98xV2Mev8Wb5ULljmIWRgBwdyC52F6I	2025-10-26 15:06:17.542728+00
uwv3k5i7qy89oidopiigfgbuhrpc5cye	e30:1v7yOD:BGVdYpuRSdBOcd0NNpoIVs9xuGsutquRLJ0P0a_8cb0	2025-10-26 15:53:41.472932+00
i83o85vw6u4ocf6uwjjfy0qmmhxz21f6	e30:1v7z4X:1iasSpdq9oGi00VC5KflIGgbtGJqx8LxtCyUcofQ30g	2025-10-26 16:37:25.547714+00
xg1k7zjwf0i9xipqsndvqhg8zuffqlwy	e30:1v7z4Y:p_QRnJMrVd30FePS_W2Ec7zCSorhdY8xXbrnp0Asp34	2025-10-26 16:37:26.490542+00
yzl8v3jmtd9qvs23ectxb66cgg5qk9kc	e30:1v7z4Y:p_QRnJMrVd30FePS_W2Ec7zCSorhdY8xXbrnp0Asp34	2025-10-26 16:37:26.526848+00
s35rrm5z1w7a27x0oh3pwnzm0vcyxcp9	e30:1v7z5R:fo1VNtCDIzdow0RDxA7HJFwxV6xa0s-6r9PPRBEHbQo	2025-10-26 16:38:21.035199+00
pb2rh69bf20n2t68noj538cs7a1ec2vy	e30:1v7z5R:fo1VNtCDIzdow0RDxA7HJFwxV6xa0s-6r9PPRBEHbQo	2025-10-26 16:38:21.434833+00
iqw8uo4oy8ydomdu88sq2qorwt7fd5s0	e30:1v7z5R:fo1VNtCDIzdow0RDxA7HJFwxV6xa0s-6r9PPRBEHbQo	2025-10-26 16:38:21.471771+00
4nhsr57nbjn9h2savamgmbzmugkofrgq	e30:1v7z5o:neBK2yUdsiPz-ClAnlLairR1cenyhUq5YPJMlmiXx7o	2025-10-26 16:38:44.629322+00
ytr0diqvawqoz5wi58sq551yzpph9wx9	e30:1v7z5p:3zG5C8v8UPlXkdDtTHyC9N0OOhjjsOsFbfhkAYY4VGk	2025-10-26 16:38:45.032655+00
ie9lut7igi1khp96t86erseoe0y5zwxu	e30:1v7z5p:3zG5C8v8UPlXkdDtTHyC9N0OOhjjsOsFbfhkAYY4VGk	2025-10-26 16:38:45.068411+00
jf347wsn34f5vys1czhmc91b1vpwshj4	e30:1v7z6g:h8_6z76g-FLhlStCsaZyAhQ3FWH72T3ts5Agp3-hGaY	2025-10-26 16:39:38.477218+00
hzzooulcg0rnoeui5uo4by8pw49gws7i	e30:1v7z6g:h8_6z76g-FLhlStCsaZyAhQ3FWH72T3ts5Agp3-hGaY	2025-10-26 16:39:38.880811+00
bf55p8i7e4sfuoxa3cysc6hayp20d5dw	e30:1v7z6g:h8_6z76g-FLhlStCsaZyAhQ3FWH72T3ts5Agp3-hGaY	2025-10-26 16:39:38.916606+00
qfc7dmt57oepnhyoi0iux5w09mikzvd3	e30:1v7z6r:V2brPkEmC7qQ4vj9Mc7N2sd8_k4hkpTg0vLzYvFYLWM	2025-10-26 16:39:49.55442+00
yvi6ytuydopy9chsf7kcnsjikuw42y99	e30:1v7z6r:V2brPkEmC7qQ4vj9Mc7N2sd8_k4hkpTg0vLzYvFYLWM	2025-10-26 16:39:49.859132+00
4mh0gbn17ifk5tmg5qo4r82k4m3o7ydn	e30:1v7z6s:eIg16jz-o--ojy0oneFzaE3Ro_bB-0PrxhrA2mk0e10	2025-10-26 16:39:50.117731+00
jkut95d6u6ms97dza448d0sg20gwg4mw	e30:1v7z7l:0DbILfPjrRGf_2zkf2wgndamYvUwSMCDHrUq5L5B7ms	2025-10-26 16:40:45.033784+00
gngjxcfgjhbl2hzuvm7g7mey0hv110x9	e30:1v7z7l:0DbILfPjrRGf_2zkf2wgndamYvUwSMCDHrUq5L5B7ms	2025-10-26 16:40:45.441238+00
8ts34o4034p8wgdvi8rjwyws2o7n4i0o	e30:1v7z7l:0DbILfPjrRGf_2zkf2wgndamYvUwSMCDHrUq5L5B7ms	2025-10-26 16:40:45.47816+00
yodagl927s626kdxh4oxskng2vdo28g8	e30:1v7z8s:sMSW7dh0O5Va8FVfODjJmg--Ubv_27Lz6MPrPF0pwt4	2025-10-26 16:41:54.296782+00
gegizo516uo8ybrlxbhk5ggyr7b9783e	e30:1v7z8s:sMSW7dh0O5Va8FVfODjJmg--Ubv_27Lz6MPrPF0pwt4	2025-10-26 16:41:54.655433+00
zec4kiwxvc2m4l458zhzgo0rylqo5mxm	e30:1v8t4x:sitSH9_SS7SvgIEHBgMKNJ7-_EOzQFMIfF0sUyLA4mE	2025-10-29 04:25:35.201583+00
wvsugr66jdedhhpyrjcijpq6rgijse65	e30:1v7z8s:sMSW7dh0O5Va8FVfODjJmg--Ubv_27Lz6MPrPF0pwt4	2025-10-26 16:41:54.694274+00
7enrfcqdpvtt1mwbjbm1i5cut8mgjkhq	e30:1v87VR:jSCJ4ejI0nzOyxHkjJ4BAVhJWMQ3j3OsX3P5RXkRnBM	2025-10-27 01:37:45.167553+00
0xc54hzumf2qug1geg0ebcoracbkk1de	e30:1v7zbz:9K7PMBNj5UOqQu_Z0xS9xlwnCS1Hvhd4EtecumySDN8	2025-10-26 17:11:59.180239+00
s6rshtpwaocqmfrxxm882tpqp45d0zpd	e30:1v7zml:oDsoJIH7z019rTcXdDJpJZVnfHAskv0wsWZiIqcZ5c0	2025-10-26 17:23:07.52438+00
0quz7af31vqq2hz77m34c2xe2e6bypj6	e30:1v87eR:Md2iCBULmtjmrxrjlVb0Wmu5MXU4jmt_YwT9iD3FWss	2025-10-27 01:47:03.071923+00
cbvqdcq41cmyjvqye42uxwntfr9w4iza	e30:1v80DJ:rLEsX2oy6Rf3e4eERFAp6mDg6ZqKCkjTr-gaca5_HUs	2025-10-26 17:50:33.217778+00
9tdombrznqcc810lpjbdmqtrwkeqwq1y	e30:1v80DJ:rLEsX2oy6Rf3e4eERFAp6mDg6ZqKCkjTr-gaca5_HUs	2025-10-26 17:50:33.731407+00
iovzdu8lef7yjzubj1k8rcn7kegvpc53	e30:1v87eR:Md2iCBULmtjmrxrjlVb0Wmu5MXU4jmt_YwT9iD3FWss	2025-10-27 01:47:03.647963+00
09epx78vvqwh5xj4no5xnu6ykdc9zy7d	e30:1v81OV:_W7PamLcBiZpzFnmIe4JSxTajApLTCbrbE813WJvlPM	2025-10-26 19:06:11.588612+00
2o50a7zhczdlstf2cyxpibqgtmfmjzh6	e30:1v81s2:z0TnPvYbKFF0eq2OaipawZ6i7d_rU0s5_vBu_KNc_-0	2025-10-26 19:36:42.622999+00
ixrl4jvduejk179tw0251dc8t3mr4jsn	e30:1v87eR:Md2iCBULmtjmrxrjlVb0Wmu5MXU4jmt_YwT9iD3FWss	2025-10-27 01:47:03.686345+00
zn8hhylxtpd65pkra3i6fxzurmh1w8ns	e30:1v81s5:oSbntNaCqFl9TLszdtqWw26doAsnaxpet2u-7fp5Hio	2025-10-26 19:36:45.261661+00
emmbjmf20wj6rxgu0d3j285euurjh4l9	e30:1v81sR:ZoFxl-cDLNUO4m3mfdUn3RlIa4oLaKJL9hxtpGS4eIE	2025-10-26 19:37:07.962076+00
j0d0ur6mh5cmuaaadl0gjzoc5mpehecc	e30:1v87ep:4wVQW0sC7d5RxCJIk2DLlMansa9AYSi554N6gQ6Mk3I	2025-10-27 01:47:27.481955+00
1eqtnaisj7s68sq6wq38b6nrc7bnbpd0	e30:1v81sW:5lebeHNy900-kn4zenoEcDVlAVnZsuQ6KP9bS6CZDO8	2025-10-26 19:37:12.026884+00
cvv4sexvhszor0462ua7rl4rzltwm5ml	e30:1v81sY:btn65r3sq1DwwUtK2orUjqt5FL-wN2jfpoHM0AxZ4xM	2025-10-26 19:37:14.070427+00
g35ebd4jaxxciaw1cpc1hng1exx5klkh	e30:1v87ep:4wVQW0sC7d5RxCJIk2DLlMansa9AYSi554N6gQ6Mk3I	2025-10-27 01:47:27.798558+00
7vn068we1gxvcuax2m4m9j7qscpjn0z6	e30:1v82Cy:M7hluOJr3T48atb2rwmdboNPqhjM48kzx3iHxaEGW2I	2025-10-26 19:58:20.889178+00
5vvva48c2uwfkjaon208asdq0wpzx3cv	e30:1v851u:PtbSKcDa7iyPg0keI9FdoK0NOtflcoeouvEeE6yV-gI	2025-10-26 22:59:06.508737+00
g5odqpfx8ap0tss0gv6ewe1959l02dlr	e30:1v87ep:4wVQW0sC7d5RxCJIk2DLlMansa9AYSi554N6gQ6Mk3I	2025-10-27 01:47:27.838333+00
1f8b5vmhsfzbohvai20czikrkqp25cgy	e30:1v85Pb:GLfFS0Py09ijrnuojiZOnk208cE5YHdv9cYcFqC4QPM	2025-10-26 23:23:35.051914+00
wa946gzm0m8q3zde74tdhpm7oqu191wi	e30:1v85Pb:GLfFS0Py09ijrnuojiZOnk208cE5YHdv9cYcFqC4QPM	2025-10-26 23:23:35.754749+00
zfd3ee3zdjfzjhsrctz9o0cgw52nv5dr	e30:1v87kO:Klglk3NvL-_CoGL7hobtDyYZyRECL1E3AobUTbaZt8M	2025-10-27 01:53:12.565692+00
opqv8e4o197s1q46yclb1n5djj2qv6ua	e30:1v87kP:451deruYVBMyF1mtO9-ZgoHp0dfpo4xCqTK-BqAdVMg	2025-10-27 01:53:13.137563+00
pjgrpxbjzs9zqwoer6i05ahrv3ychpkp	e30:1v87kP:451deruYVBMyF1mtO9-ZgoHp0dfpo4xCqTK-BqAdVMg	2025-10-27 01:53:13.175126+00
gkpub8ke59ctll7pc57a4xaz3ierlv8r	e30:1v882K:CVOsqUBnCo8qnhLraQf9NPnL9UUxcutHYlIK_FeYMYQ	2025-10-27 02:11:44.10163+00
tug9pwhywa9aqadk290ydhc5y8eglji5	e30:1v89tI:Ye5Bst9QWqUDrZwQAYvBygkqg5fs43uUp8K2h66nqPU	2025-10-27 04:10:32.668672+00
k6bup01syn0ejdadvfo9unxq1eq32bl4	e30:1v89uc:jRTjs4HbALSGEeiUaSBBYO4eBbJVydKIBtz1NLbQTp8	2025-10-27 04:11:54.499797+00
b8m0yngolddeo9ra39eb8h1vp7ortem6	e30:1v89ui:SsLF5r_Tx2_g7gkkcuO9-IQ-XcSKU_3rBNVXIWS8SWw	2025-10-27 04:12:00.331006+00
otxrsd5uxmje2bt2r3uzmhnh7687hu8m	e30:1v8AZ1:lsbp7NZwySddgMfNwpA2iFYNPG2NWqjczyZCqfSMymw	2025-10-27 04:53:39.626966+00
61j0aqtw9tbilvakec8b3m8xozn98jk1	e30:1v8AZ2:RKaWGMtYE-nC7lDQDItjvOb6ro75VCqMGuKSDLZclfs	2025-10-27 04:53:40.190928+00
twmkkgqp8t3rx3p32k3fnkncve5b554i	e30:1v8AZ2:RKaWGMtYE-nC7lDQDItjvOb6ro75VCqMGuKSDLZclfs	2025-10-27 04:53:40.456684+00
25bd260h7i2stbjv3wlv57kgh7mgbrnh	e30:1v8Brv:jq9V-tHn3wmscpiG-lCzHSGmUBPgxWWEN5a3Zhnonhc	2025-10-27 06:17:15.892345+00
yluk0er9ide11arel3oyh2p3atcr48dp	.eJxVjDkOwjAUBe_iGlmx8UpJnzNY9l9wADlSnFSIu0OkFNC-mXkvkfK21rR1WtKE4iK0OP1uJcOD2g7wntttljC3dZmK3BV50C7HGel5Pdy_g5p7_dY5oOfASIYGC56i1tEXzYMhcujIeB8VnI2yyGgVMDvrwHBA65QKVrw__ws4KQ:1v8BvN:b1dyimArT0JG6zvwU-xIu3MywvUcf2UbKl5XsWky5O0	2025-10-27 06:20:49.858383+00
w8681wvmwr50safio4ycp7rgm7odyzpn	e30:1v8CC9:WqvPGNqejH6MS5JoeOcKoyt4YPAfV1fpJY4rA4jse8c	2025-10-27 06:38:09.343808+00
7tvf92nyj3qjggqoiziqgy5oo82p03p9	e30:1v8CXN:TxtoFdbEYWKAJapNHSChLmGhNgHCO5tTp0BtJq3TJ8k	2025-10-27 07:00:05.079019+00
siudltfusxcay4rqs0n6dz2yem5d6dxa	e30:1v8CgU:ozrWEfSn9HX7sgZzNKS9z9wcfkp3Re1ZsQMx4P63hbo	2025-10-27 07:09:30.646652+00
vx50ni7pa9u501vn8xljulkhsp10hfv3	e30:1v8Cgh:0Is7ZGFtYbIHBeCa777Fu77eiSZNLLQIVoe_Btm3dLA	2025-10-27 07:09:43.38593+00
58slfhlgni3adtpw633e5jp0wuqu5heq	e30:1v8DS5:Gu6aBIaMVX8rOOkSvOHqUdObcBPYPEvRpf-6jC8BVf0	2025-10-27 07:58:41.936518+00
n051mzmuwo8cd3083kcqb1f7dlj88h9n	e30:1v8KL8:IbPc3_Ki6wHrc0auS0nXAqCNEUXsCB-E91LXExv0FYk	2025-10-27 15:19:58.091157+00
pa0nnpsofyrmj4b7ea0jnn9tz51ueu3f	e30:1v8KR9:9I8Z0owod5wvno_sOZBVo7WoJmrLvU94lP6EO4iISik	2025-10-27 15:26:11.38228+00
pc8mc5svpe4hlnh8f0ncnpnzrtc2d424	e30:1v8KRH:UXcisXU_Dzq6_flXEI_wMYDtEBfEYwqT5TE4b7jMWzM	2025-10-27 15:26:19.359639+00
xuwdjgkw3myf8sv7m8xojxtuh6a6or9t	e30:1v8OUO:vNS09X72mONgxo11FWQPhlA2vwc55xvmwrwF6LlsoRs	2025-10-27 19:45:48.979761+00
udwke0rw51qb9t89r6itu41qskhvyz5x	e30:1v8PIh:QpZPcYra30JqgGFgMTaShgc7-5sW5L_UMxv0HUkZdgI	2025-10-27 20:37:47.648589+00
583mh3cakl2wlrnnpxrhqbhjrawbgs0q	e30:1v8UIZ:EW5ts-Zx2Z8M1K7pZ1Pz7NZejtNccUn_PMtqA5vl3b8	2025-10-28 01:57:59.77051+00
un5v5dy5392nh63fvxo5yqwuw7z7kfxd	e30:1v8UIa:nXv-6WG0zBQPiIE8lKZ3UVOsrLkrjZt-BHGAfWFWBS0	2025-10-28 01:58:00.127961+00
t7lttv5qbuk16ixh0kv3g5k2m31xoy8c	e30:1v8UId:00XfM915eB59MUjhMyH0zyEoDOAinOfYMLMyrQLPBSg	2025-10-28 01:58:03.765617+00
lo2697k2kbw3ljn551qs0r4i703gt9rh	e30:1v8UJD:kbxB73G1t4QnD9OmgNwuZ0uhU_HwB4T5sU5-DOgxMgc	2025-10-28 01:58:39.369261+00
z5f6k3gg108k0oupgyyyomflrh1balcq	e30:1v8UJE:6deBd4keCxzb6yzi9yxzfvMl9RC9qrO3jIBY-ni-GXo	2025-10-28 01:58:40.579135+00
g9ukbo1jka4rumcfawibyw3eaomyng0c	e30:1v8UK1:IOpPSpP-UnsdIYoQnhd07qdlQuGDVHhh-VWc--98osA	2025-10-28 01:59:29.43523+00
dj1cxtqb2vlsdenl6smfker0tnfa7sty	e30:1v8UQS:g874We7FYdyd4S-lpHfJxvTdFZP9wxpXJalOEAfkpok	2025-10-28 02:06:08.35645+00
xicwpwfuir0ncaq7akd6xa8wpn62osh5	e30:1v8UeT:bFmAZvjbOx8DdIPEMN4kPwOWV9f94_pc4jD7QP2tcjo	2025-10-28 02:20:37.744435+00
ni2zp1rtoyzrlg3um7z48l6ho3v70zq5	e30:1v8VZy:FhiRtaJlps15UNXw1XwtuJZWV96MSC9AM3cp2jxnvaE	2025-10-28 03:20:02.577238+00
8au9ljdyiun9i50w1pvujvzgx2kt2b8c	e30:1v8Va2:taAlY-UxPH7bVtjs5SlIZj6vlBWrMVsPKIbmhlhm5DM	2025-10-28 03:20:06.028662+00
fd4u4rtspzl8fbnhg5s423umd07ynjkq	e30:1v8Va8:XxNSF4o1lsdyprkdNjaLUGkXvPL-O4M8qiainLJ5P3I	2025-10-28 03:20:12.230082+00
mjmykp8qvk68x2spt36vdhn4fx5xq5u3	e30:1v8Y1C:DzENwb8i0dbev1QYKx2Z0-VarxWSuSjI2CVHJgtcCN8	2025-10-28 05:56:18.437044+00
dadp4b3mkp8yu5ta6cl2zda2nqsuicke	e30:1v8Z1N:lez_NcJzCcjnZChx4Yoq9c8eBzfoQQnM2nPJIlSBseg	2025-10-28 07:00:33.245545+00
q993l5clyivgo32z6q1599duqdb096kk	e30:1v8Z1O:pQD-bk5s2cd-zbdmfQkmJ9u84khjYDHjKOtDzJMLq7o	2025-10-28 07:00:34.051039+00
uq2n6spdzsbdmaikhc94vv1tm83710in	e30:1v8Z1O:pQD-bk5s2cd-zbdmfQkmJ9u84khjYDHjKOtDzJMLq7o	2025-10-28 07:00:34.086506+00
ptuckk150aej1dk98lydirlhcb9w6kec	e30:1v8ZlL:ys3wb07kkWularaUNi7peSQXyE2Q2_PunAgQWFi2z60	2025-10-28 07:48:03.976719+00
lsxbnpbyrjuhrnx7its5u0tr67osevey	e30:1v8a7P:njaWJnVSIZ3y33lUW9LOeIfPZEJD0B8CO189I_kk3wY	2025-10-28 08:10:51.941846+00
jzmsbbvtjnas032j2vd51r5w5e42xyf0	e30:1v90wn:bvNbfqd_fsflJKWvLmsDoT7DFWhu4aaqHMwbvAz_Q-I	2025-10-29 12:49:41.892753+00
73lccas1viumm9ws3uxb5qkozrm5og05	e30:1v8a7Q:oD4bUw2e5asvDQ2ebhwbBg5KmY3wu4vYkiZ7wPePFeY	2025-10-28 08:10:52.872315+00
ndiwrorf9yfjuibrmvby9n6f6fc4l6uw	e30:1v8tZg:wG2CV2AHTg96SVPTCBmjDie8r2RZviQ70rOxRZEvrkY	2025-10-29 04:57:20.291558+00
s50v4b7qa3bkfpwx1ji8w2kpzs8z8krf	e30:1v8a7Q:oD4bUw2e5asvDQ2ebhwbBg5KmY3wu4vYkiZ7wPePFeY	2025-10-28 08:10:52.913657+00
1y451pcd8wegpret6mgt1a8g565fhzrz	e30:1v8aEh:l8jrsCOjFl8QpLPOOG97kNbP6MpSaXMO3czdJzXGRAY	2025-10-28 08:18:23.713788+00
n8us1fc2hs4lora36tbbs96b4v4oxsmi	e30:1v8tZg:wG2CV2AHTg96SVPTCBmjDie8r2RZviQ70rOxRZEvrkY	2025-10-29 04:57:20.404772+00
w2nqczlk4a9f0gn367ssutk5fvfyia79	e30:1v8aKM:lko-lAD07E21S2BEUc8q1yCMSDWySt5x7ELFCoztEWg	2025-10-28 08:24:14.327072+00
4mhwsao19wkeg20ap7i912wxumshs8bo	e30:1v8aaG:d-CTZvGcgsRi6yJZc0cSny8a6iC08nAMG-QOzWp8_bM	2025-10-28 08:40:40.51809+00
wj87qvadrweicm3v11jrmurf1u975g76	e30:1v8tZg:wG2CV2AHTg96SVPTCBmjDie8r2RZviQ70rOxRZEvrkY	2025-10-29 04:57:20.692941+00
57baq176pm3n03j0ewp1n5dfugfayq9m	e30:1v8aaH:biVywHOUF9tbejqwGo6QIXDgfMsOaRbSR70msk09x6Y	2025-10-28 08:40:41.367807+00
x5y9bl07w7rtcrd9q22lyi28f2vzgrij	e30:1v8aaH:biVywHOUF9tbejqwGo6QIXDgfMsOaRbSR70msk09x6Y	2025-10-28 08:40:41.406628+00
lynt9ezq9umzlum20o4vgcu4np55ns5h	e30:1v8tcw:zeQ4IZJWebNSxE02uDn44SUbkpKG3EDifoD13yvAFms	2025-10-29 05:00:42.986901+00
rktb6p1e1wx6er176d8wg29t15ag7vyl	e30:1v8ad5:jobg36HljLKXxkRWJMtMU4JK-nr0YB6ocjpsrqMacW4	2025-10-28 08:43:35.990534+00
g9e3h1xo6vfb762dfnlbuzfs2pa70t1w	e30:1v8ad6:JCD0VQTQ-EMinu230pdGF4d81MrJR0SyT6fJ0ThASjo	2025-10-28 08:43:36.305654+00
q68dbnp3slbkxkdiw979eo0np41pt0v4	e30:1v8tcz:pZW_fpQmgDiaeYShlmJTTuwG3uPI-bQTPQHAydbcWtE	2025-10-29 05:00:45.405205+00
rzp5mea4lfvxte5a9zctjpl5pg1qfhff	e30:1v8ad6:JCD0VQTQ-EMinu230pdGF4d81MrJR0SyT6fJ0ThASjo	2025-10-28 08:43:36.485078+00
9mcde0lzzm68kfrxiq94dbj4t3mealiv	e30:1v8ad6:JCD0VQTQ-EMinu230pdGF4d81MrJR0SyT6fJ0ThASjo	2025-10-28 08:43:36.531847+00
7hhazhed5ua9uydgn0l1mny3xplpzdyq	e30:1v8tcz:pZW_fpQmgDiaeYShlmJTTuwG3uPI-bQTPQHAydbcWtE	2025-10-29 05:00:45.57595+00
3zewu9x83p6dn8vtq55vz264qpt6a2b8	e30:1v8ad6:JCD0VQTQ-EMinu230pdGF4d81MrJR0SyT6fJ0ThASjo	2025-10-28 08:43:36.57592+00
wpef8uh8chbmof1vs03sgbmwv1fzs7kg	e30:1v8ad6:JCD0VQTQ-EMinu230pdGF4d81MrJR0SyT6fJ0ThASjo	2025-10-28 08:43:36.620741+00
c6mrkvdueobwfdkoillslce9ru5khkdo	e30:1v8tcz:pZW_fpQmgDiaeYShlmJTTuwG3uPI-bQTPQHAydbcWtE	2025-10-29 05:00:45.619868+00
5xoum02g7805c2ykzbdruoohhykna9id	e30:1v8ad6:JCD0VQTQ-EMinu230pdGF4d81MrJR0SyT6fJ0ThASjo	2025-10-28 08:43:36.710836+00
8ujqsymcylugi7g4awpuhila0lpjrvoj	e30:1v8ad6:JCD0VQTQ-EMinu230pdGF4d81MrJR0SyT6fJ0ThASjo	2025-10-28 08:43:36.828167+00
2e8e1ffg3k001c9b03q1dudh0k574vn2	e30:1v8tcz:pZW_fpQmgDiaeYShlmJTTuwG3uPI-bQTPQHAydbcWtE	2025-10-29 05:00:45.66851+00
kojlr8ordm6nwwzgx8g4r9vtcoueewpv	e30:1v8ad6:JCD0VQTQ-EMinu230pdGF4d81MrJR0SyT6fJ0ThASjo	2025-10-28 08:43:36.875001+00
bw6li0p1ho1kng8ki31rtskh0j4f1oz1	e30:1v8ad6:JCD0VQTQ-EMinu230pdGF4d81MrJR0SyT6fJ0ThASjo	2025-10-28 08:43:36.921557+00
qkt6fjukzc9tc0u4n8j4rm1q9ktx6dq8	e30:1v8tcz:pZW_fpQmgDiaeYShlmJTTuwG3uPI-bQTPQHAydbcWtE	2025-10-29 05:00:45.718527+00
rp899uvc6bvprxhkff5ay6hq1mmev6pi	e30:1v8ad6:JCD0VQTQ-EMinu230pdGF4d81MrJR0SyT6fJ0ThASjo	2025-10-28 08:43:36.963877+00
2zq3h4shyqj6g37k93u30ipnk7s5tis5	e30:1v8ad7:umCcbmmw5ixYfGHtgAsTVAgkvxXazCqkL-fIt84tsQA	2025-10-28 08:43:37.006801+00
pe5lg5jcaux4p2ckblrz4tnt91552e9r	e30:1v8tcz:pZW_fpQmgDiaeYShlmJTTuwG3uPI-bQTPQHAydbcWtE	2025-10-29 05:00:45.766325+00
8k17c2zwo0aykzn1gwr000bku77a79jv	e30:1v8ad7:umCcbmmw5ixYfGHtgAsTVAgkvxXazCqkL-fIt84tsQA	2025-10-28 08:43:37.049139+00
xjzjguxut2v70t50ecja7lvbk1ff37ws	e30:1v8ad7:umCcbmmw5ixYfGHtgAsTVAgkvxXazCqkL-fIt84tsQA	2025-10-28 08:43:37.090146+00
uk3kzj8b7rdhebisdamkc4bsly74k3z7	e30:1v8tcz:pZW_fpQmgDiaeYShlmJTTuwG3uPI-bQTPQHAydbcWtE	2025-10-29 05:00:45.810898+00
9h0hgkp7o6peotq1u2hkzquyybqvtdz8	e30:1v8ad7:umCcbmmw5ixYfGHtgAsTVAgkvxXazCqkL-fIt84tsQA	2025-10-28 08:43:37.130533+00
f929ryqzh31bsllrukgpla50eae719br	e30:1v8ad7:umCcbmmw5ixYfGHtgAsTVAgkvxXazCqkL-fIt84tsQA	2025-10-28 08:43:37.171323+00
tfti26baul6xpmibatzj6b4n6ucwu5uo	e30:1v8tcz:pZW_fpQmgDiaeYShlmJTTuwG3uPI-bQTPQHAydbcWtE	2025-10-29 05:00:45.854859+00
yiy1bsqxwnf84jonmjfdte9lzdekmmh4	e30:1v8fXJ:G3OWb4f_P54zkyfPCqogo1fJbNUFGymOg4Vm14nZbEk	2025-10-28 13:57:57.267185+00
7bywvvu3k2v41r6ikkx8110eld5o03w8	e30:1v8fXJ:G3OWb4f_P54zkyfPCqogo1fJbNUFGymOg4Vm14nZbEk	2025-10-28 13:57:57.353881+00
mzknwq6k4vqdoiqugean26wwnltg2oml	e30:1v8tcz:pZW_fpQmgDiaeYShlmJTTuwG3uPI-bQTPQHAydbcWtE	2025-10-29 05:00:45.898194+00
syjcccsomwj9frzasfk1zcub25qe753u	e30:1v8fXK:Gy-bw6xrjoLLuHw4ASI1JGrEJqfkkPP-0t6AfAYDiOQ	2025-10-28 13:57:58.197459+00
e49xe1kldo6om6s2d69bkvp9rrirufci	e30:1v8iVY:aonpo28woLXnr7Qr2cdPMR7M80egYfmYS9PqXvFEY_k	2025-10-28 17:08:20.255036+00
h1qlltqnit00oldn15wdwpzw2qsrhd15	e30:1v8m9y:UfdQOypLkRydJwFcQhDJN3AmVU1VLpqdoi_Na_dS_Jw	2025-10-28 21:02:18.079748+00
ru5dglssq4r66v5a9wjhgttbzx0dxmom	e30:1v8mMF:fMNAT0Mwuf5AI_57cNPdqnTZqqm1uCaFcVKFBCQBLkk	2025-10-28 21:14:59.226812+00
07pa2qq8asga7zch9n0weadxmlc1anb3	e30:1v8mcn:CJ3i11885WlDKPZu7rO0ZCRi3DFH8Uvu681krufEfaU	2025-10-28 21:32:05.921132+00
h9g1zus4h91w11jtohcf1ikgolk7dzw1	e30:1v8n1k:0ZAyvIV8O_gs__j4EXmOnDCsGEv3T5UsgMOFWBdbOEE	2025-10-28 21:57:52.970191+00
y2sk1pxeucyitq4tuasmxfqf0pfge5u5	e30:1v8oXm:hwf8RxgiK-BzWEL2490Prd74tyztpTvJRCx7pq13ZLo	2025-10-28 23:35:02.381383+00
oqacx0aigcj7cbkcgv4kxbv5nivw7a12	e30:1v8q1k:E7gB7PgRuqBpBMv4e9L5bK6N_PmG6vHKtuXqpoHPNTk	2025-10-29 01:10:04.517118+00
dgajq06qs335wzhzegoaoh8jvw7kl6gv	e30:1v8q6o:XAW4KEi4brUcmyTUgJHdojC1A_hqmmYK5ZjIGPpXuFI	2025-10-29 01:15:18.084244+00
ki1nkc4soteoopx4ey4dg9ki8zg6xkz8	e30:1v8qu9:KrauVRGepzTJ2nFPtKSHNne08I8wIfW8R8Lnh0W5Tz0	2025-10-29 02:06:17.119196+00
kbbuo7a4ylr96u7oowxex3wunp0e64xt	e30:1v8saD:1tUoo_J2GVi7EeFm7mu4LukIDM_60z2P_kpRKSGAjsM	2025-10-29 03:53:49.593933+00
98pl1n2gqsz4xtb3o04vtvy1qvqwailh	e30:1v8saR:WPan-jdPWIF2IMF2naWWOVrjuasgCy0qdoYVdzj1e58	2025-10-29 03:54:03.482815+00
0gl16s1y42c6z0aoclk1hthb6uj4o044	e30:1v8saU:qlJwYlM-bNv-aj9sQBH_NzXqU6r7_8h2nbmuBucocpg	2025-10-29 03:54:06.096532+00
bm5o8viycbv5tsas58q3884jrdmff1ue	e30:1v8saU:qlJwYlM-bNv-aj9sQBH_NzXqU6r7_8h2nbmuBucocpg	2025-10-29 03:54:06.144075+00
hddf9hxo4gojm5j23achhondtcvk7zpq	e30:1v8saU:qlJwYlM-bNv-aj9sQBH_NzXqU6r7_8h2nbmuBucocpg	2025-10-29 03:54:06.197749+00
u5pp0m5fr8fqglmlcbtqdlxeyi837v7f	e30:1v8saU:qlJwYlM-bNv-aj9sQBH_NzXqU6r7_8h2nbmuBucocpg	2025-10-29 03:54:06.262221+00
mye2bs4938cwq40ter7pl2qj9l47y4o3	e30:1v8saU:qlJwYlM-bNv-aj9sQBH_NzXqU6r7_8h2nbmuBucocpg	2025-10-29 03:54:06.307222+00
c293bbsvccbof7oen3vfenvuzsdq49e8	e30:1v8saU:qlJwYlM-bNv-aj9sQBH_NzXqU6r7_8h2nbmuBucocpg	2025-10-29 03:54:06.350766+00
iu25jkel4j4hojqpvnxoklp1dmcvn8ex	e30:1v8saU:qlJwYlM-bNv-aj9sQBH_NzXqU6r7_8h2nbmuBucocpg	2025-10-29 03:54:06.393515+00
p43gejo4n06m9zxl5tcrygqbd3kvinjb	e30:1v8saU:qlJwYlM-bNv-aj9sQBH_NzXqU6r7_8h2nbmuBucocpg	2025-10-29 03:54:06.437166+00
fxw0qoz8qdy0ilpggnyn1xg7wsw6bhur	e30:1v8saU:qlJwYlM-bNv-aj9sQBH_NzXqU6r7_8h2nbmuBucocpg	2025-10-29 03:54:06.480807+00
am8o7apa15est98pfge5kpgym8bq9s63	e30:1v8saU:qlJwYlM-bNv-aj9sQBH_NzXqU6r7_8h2nbmuBucocpg	2025-10-29 03:54:06.683017+00
pri4ywbjsy4jyn9rmgprl8gn1eqafswt	e30:1v8saU:qlJwYlM-bNv-aj9sQBH_NzXqU6r7_8h2nbmuBucocpg	2025-10-29 03:54:06.820627+00
xw5r2t27s2jlnynmo5xomsam03qn9z30	e30:1v8saV:zqjXHaqf1mB8EIBJFERKGTPgcYD-aquRcE-glngVFrI	2025-10-29 03:54:07.63941+00
5he5vayqchdmsa6z0b14hhp1p5qf6an3	e30:1vCf1r:7g8NmK6ZToPqblYCQ35Isn_DXykTkbqgP7aFLueXvck	2025-11-08 14:13:59.369601+00
kq1wdi58zx8t2u5wu962i8k3sv7eq1uh	e30:1v8tcz:pZW_fpQmgDiaeYShlmJTTuwG3uPI-bQTPQHAydbcWtE	2025-10-29 05:00:45.941559+00
c22i9wxwrmandfesmolbgb6ro1c7ljdv	e30:1v8td0:pnegXlW3WspLrZyUZBeCi4aVBIecMK0Zs6KOpuuO_Bo	2025-10-29 05:00:46.074711+00
bvhjwvz6bgkotdnfmlczito72480tx1c	e30:1v8td0:pnegXlW3WspLrZyUZBeCi4aVBIecMK0Zs6KOpuuO_Bo	2025-10-29 05:00:46.681247+00
lviplydwnv0jo7i6z8jeaof4p38tse02	e30:1v8u8m:4CxK6mXsn9-d0qFhzXR6wXb03dguDctK9jkZYIGLbF8	2025-10-29 05:33:36.646165+00
i45bpbm53d68p7xwikrsitpgrdzdw3eo	e30:1v8udE:Um7t__mqMMGlaOiQgLutl6D2h_hq7_eiM3MW3em150g	2025-10-29 06:05:04.1675+00
7an5s27vcit8e3dhmwfckv23cdd1yomx	e30:1v8udE:Um7t__mqMMGlaOiQgLutl6D2h_hq7_eiM3MW3em150g	2025-10-29 06:05:04.199348+00
9zoqebjykuq6570mi30qw5c2yybfkq7x	e30:1v8udF:gVEAK7RwFmxtdN39OeZaCaqOSg3n_MTdnVGrVKJukUM	2025-10-29 06:05:05.337092+00
bzrf5l9ipme4y1o0onss49zilnffpg9y	e30:1v8yKE:0yc-Wp1ps14qfkCcvEEECq7Zhc5mU90cLuyjdTcwsq0	2025-10-29 10:01:42.599438+00
7pgf4poy5kqjbd4x9zwdqfug52koyo5f	e30:1v8yLB:ONf3q3AjnRdPYRYYPGkk2YimUwJSKV4zKfygkQ6RFbY	2025-10-29 10:02:41.759299+00
abx65cgh8txm7quyis2zm3ut9krufi94	e30:1v8yLw:lkNTmW_7Mc4nvqVk8fdwi_A0F6Msfp61Iz8dNN6hWpY	2025-10-29 10:03:28.259234+00
qcqomwybfklf8evgiile9dp14lonz737	e30:1v8yMO:R20BGWt31cqGM895S7-m1dcdGZUltLApQxVhpoT_KxM	2025-10-29 10:03:56.402172+00
vzu09hcmbn14q9jbj55grs2n819qn075	e30:1v8zuM:qRLtLDzRbGDfMJzTtEbg1rXS0B3249PGFNQVY8VA0eQ	2025-10-29 11:43:06.700104+00
1zxib2iykblrkdgrhnnpwp8wkz9qqe0e	e30:1v905D:bTPYEH0oqD-8lLTFJ94bZmVUr2bv_32THeXzX4YdsFA	2025-10-29 11:54:19.823093+00
84urd9zg5pdoeq3syn8qy0cha8ws8j86	e30:1v90XN:Uv_iw046pNQ0Z4yYCOk3MBQyi5WK-6FbhFR9tk2coeo	2025-10-29 12:23:25.292796+00
teqy670dlut2z83dmwewtm1eclzl0qp7	e30:1v90wJ:cKadsA0lIz-4-5CHuYBccTOUSXs0qPNRdv9TOER3MDc	2025-10-29 12:49:11.171787+00
wbwpwuwo4q3rj0hjad9h0o6fhenbpie8	e30:1v90wK:LadWgQPrQ7yvOfyejTQ64DVLTTu9gmMm6N0L1S-QylE	2025-10-29 12:49:12.669849+00
r2a0xwe5ehndrtzdwjrksl0qc3icsqxy	e30:1v90wM:ea_PGqrxtBFFuFqZrI0FgA3Zj5WOWQVVOXdP12EGdoM	2025-10-29 12:49:14.205364+00
gk84ukcx9fccc1ljn1jo3tmsoriice8i	e30:1v90wM:ea_PGqrxtBFFuFqZrI0FgA3Zj5WOWQVVOXdP12EGdoM	2025-10-29 12:49:14.247601+00
kcdmq8fg774j71ifkxvxlxip4e5zo9wx	e30:1v90wM:ea_PGqrxtBFFuFqZrI0FgA3Zj5WOWQVVOXdP12EGdoM	2025-10-29 12:49:14.289955+00
687aafyqqane1n7aaaxgkyrrn672jo31	e30:1v90wM:ea_PGqrxtBFFuFqZrI0FgA3Zj5WOWQVVOXdP12EGdoM	2025-10-29 12:49:14.335512+00
txxq0a0xx47ym2rw0w9del9aifrgfnky	e30:1v90wM:ea_PGqrxtBFFuFqZrI0FgA3Zj5WOWQVVOXdP12EGdoM	2025-10-29 12:49:14.365598+00
7pqsllh3aagdktxqkl8paxjc6qa7igow	e30:1v90wM:ea_PGqrxtBFFuFqZrI0FgA3Zj5WOWQVVOXdP12EGdoM	2025-10-29 12:49:14.402703+00
a5kbtrbbjwkstshzh1r4yxfvlogc7dam	e30:1v90wM:ea_PGqrxtBFFuFqZrI0FgA3Zj5WOWQVVOXdP12EGdoM	2025-10-29 12:49:14.446615+00
tucn9a8hiu8ybstzmqikl8nwtd8g5j3m	e30:1v90wM:ea_PGqrxtBFFuFqZrI0FgA3Zj5WOWQVVOXdP12EGdoM	2025-10-29 12:49:14.477065+00
ed1s7avj86m2n920nx6j3ka0ejx0s529	e30:1v90wM:ea_PGqrxtBFFuFqZrI0FgA3Zj5WOWQVVOXdP12EGdoM	2025-10-29 12:49:14.510105+00
2gmmsdshuf381wyh8aoiufyap6s461bm	e30:1v90wM:ea_PGqrxtBFFuFqZrI0FgA3Zj5WOWQVVOXdP12EGdoM	2025-10-29 12:49:14.728833+00
jh3my3ley9ajrftv0pmt8jmv5ndj2sr6	e30:1v90wO:xU1d1XBhhgGikDnUSzkjii5sGveLc43BToTM_JCkucM	2025-10-29 12:49:16.635631+00
rt32gdnqzceoimw9zz3hfp8jjbvosxwn	e30:1v90wP:2vdVEH4Anyd_z0EQKYJlSjnYtz9qadCAYzPiTYsj2AU	2025-10-29 12:49:17.746438+00
8a0e00x6c5mxkef6su5i7c6ty8pmgc42	e30:1v90wP:2vdVEH4Anyd_z0EQKYJlSjnYtz9qadCAYzPiTYsj2AU	2025-10-29 12:49:17.790012+00
hh0wixvj9583raly4pfne0k95hcaismb	e30:1v90wP:2vdVEH4Anyd_z0EQKYJlSjnYtz9qadCAYzPiTYsj2AU	2025-10-29 12:49:17.832297+00
qlbtc0xzigh19l4vxu0qkak45g61wepl	e30:1v90wP:2vdVEH4Anyd_z0EQKYJlSjnYtz9qadCAYzPiTYsj2AU	2025-10-29 12:49:17.87156+00
gh56qkxmahcz3d5k0y02facyupiu8ia6	e30:1v90wP:2vdVEH4Anyd_z0EQKYJlSjnYtz9qadCAYzPiTYsj2AU	2025-10-29 12:49:17.909707+00
jqhdeocavyelwb8ng4m54zhbz4wt880g	e30:1v90wP:2vdVEH4Anyd_z0EQKYJlSjnYtz9qadCAYzPiTYsj2AU	2025-10-29 12:49:17.938469+00
0pkwk4xb1vs5sm9o60u3bkzhqdes33td	e30:1v90wP:2vdVEH4Anyd_z0EQKYJlSjnYtz9qadCAYzPiTYsj2AU	2025-10-29 12:49:17.968366+00
sjjaydxti88j6xz3bc8l4zjl1qbxj4u1	e30:1v90wQ:uORRGKRY3H4Cf1oK4gFbRTcG398E1EBNr2zPXwmiBaU	2025-10-29 12:49:18.007179+00
0i4ioyv53bg3a5mcewediat64thxhxpf	e30:1v90wQ:uORRGKRY3H4Cf1oK4gFbRTcG398E1EBNr2zPXwmiBaU	2025-10-29 12:49:18.042882+00
x02f6sjc4pmu7kkxm336m7vk0danrejq	e30:1v90wQ:uORRGKRY3H4Cf1oK4gFbRTcG398E1EBNr2zPXwmiBaU	2025-10-29 12:49:18.077315+00
zhg0w7r4khgx66b8qpjryeu0uiyx5u7l	e30:1v90wQ:uORRGKRY3H4Cf1oK4gFbRTcG398E1EBNr2zPXwmiBaU	2025-10-29 12:49:18.10889+00
izt24jhlctvt5eksxnj627rd9lj7b4oz	e30:1v90wQ:uORRGKRY3H4Cf1oK4gFbRTcG398E1EBNr2zPXwmiBaU	2025-10-29 12:49:18.138091+00
h68oluw2g5o8550dfypdfnwnj9pxiszw	e30:1v90wQ:uORRGKRY3H4Cf1oK4gFbRTcG398E1EBNr2zPXwmiBaU	2025-10-29 12:49:18.167427+00
5x4e75ki5vnr4qjjc4kwzkspm9nzj0ku	e30:1v90wQ:uORRGKRY3H4Cf1oK4gFbRTcG398E1EBNr2zPXwmiBaU	2025-10-29 12:49:18.202749+00
snyax4c5704tdphe7f589fe26fecy1ss	e30:1v90wQ:uORRGKRY3H4Cf1oK4gFbRTcG398E1EBNr2zPXwmiBaU	2025-10-29 12:49:18.235432+00
e5nqrt6fpy1a4yzzwhosd8z1tyzey8zp	e30:1v90wQ:uORRGKRY3H4Cf1oK4gFbRTcG398E1EBNr2zPXwmiBaU	2025-10-29 12:49:18.265548+00
qvhqfsysktq94svd9dslbifhq2d1nnrc	e30:1v90wQ:uORRGKRY3H4Cf1oK4gFbRTcG398E1EBNr2zPXwmiBaU	2025-10-29 12:49:18.770954+00
58op77gwtiusbpak47zs63a2wv86sr87	e30:1v90wQ:uORRGKRY3H4Cf1oK4gFbRTcG398E1EBNr2zPXwmiBaU	2025-10-29 12:49:18.809482+00
rwbgspbfg0ygekxbd92lmp8dgb8ozw00	e30:1v90wQ:uORRGKRY3H4Cf1oK4gFbRTcG398E1EBNr2zPXwmiBaU	2025-10-29 12:49:18.845124+00
xl79kjeasywjh2sumnr39b2wttzjq20d	e30:1v90wQ:uORRGKRY3H4Cf1oK4gFbRTcG398E1EBNr2zPXwmiBaU	2025-10-29 12:49:18.887601+00
o1crrezu7cs4a67y9dp6yvdtdancimp2	e30:1v90wQ:uORRGKRY3H4Cf1oK4gFbRTcG398E1EBNr2zPXwmiBaU	2025-10-29 12:49:18.926298+00
8uo3iwc4vzm1v3i0c83ctdd5vpj3w1n4	e30:1v90wQ:uORRGKRY3H4Cf1oK4gFbRTcG398E1EBNr2zPXwmiBaU	2025-10-29 12:49:18.969822+00
hmjqc93y5wsu2g7y7untuslbg6obxpav	e30:1v90wR:KnYf_fklwGRAh8quSFtnWI1ywQl-gJ_i02KeVX_F4LY	2025-10-29 12:49:19.015548+00
k9xmwc8d5u4y64kisxwhro8zyhiutpm6	e30:1v90wS:9vjw09Vx5ZDUfgdZtqWgBhxhH7PIYx4Tuo9dhcYDKWA	2025-10-29 12:49:20.268317+00
0a5jupxdovz1zfqbrloh819bi376ngdm	e30:1v90wS:9vjw09Vx5ZDUfgdZtqWgBhxhH7PIYx4Tuo9dhcYDKWA	2025-10-29 12:49:20.383384+00
weaayomk5e8disnhrjgbtzoxzk4ln93r	e30:1v90wT:UL_AIm-Ip90DdKw8Zm2_Dx-fQvK25olXheyIMqpU2vc	2025-10-29 12:49:21.254833+00
k8bklj4axr3j3tgbl3o9fw37vigfudz4	e30:1v90wT:UL_AIm-Ip90DdKw8Zm2_Dx-fQvK25olXheyIMqpU2vc	2025-10-29 12:49:21.291187+00
3vrhh4w2psh0kj64scz33xrpdkdpyalc	e30:1v90wT:UL_AIm-Ip90DdKw8Zm2_Dx-fQvK25olXheyIMqpU2vc	2025-10-29 12:49:21.327322+00
jpug49mdujfbnvtr1tev6jmkk6f15y2v	e30:1v90wT:UL_AIm-Ip90DdKw8Zm2_Dx-fQvK25olXheyIMqpU2vc	2025-10-29 12:49:21.359565+00
wwopgg66ebrkaefxwghnlq1acwtp7cwr	e30:1v90wT:UL_AIm-Ip90DdKw8Zm2_Dx-fQvK25olXheyIMqpU2vc	2025-10-29 12:49:21.392236+00
l4u45vpvgyeg65x1o6cojowbp88bj8k8	e30:1v90wT:UL_AIm-Ip90DdKw8Zm2_Dx-fQvK25olXheyIMqpU2vc	2025-10-29 12:49:21.42289+00
t7a4g3bdiwg5nbf7cy8829x46ukc3hok	e30:1v90wT:UL_AIm-Ip90DdKw8Zm2_Dx-fQvK25olXheyIMqpU2vc	2025-10-29 12:49:21.536036+00
jmj29tf68ncutq53piiy3xvckzsknetc	e30:1v90wT:UL_AIm-Ip90DdKw8Zm2_Dx-fQvK25olXheyIMqpU2vc	2025-10-29 12:49:21.57121+00
bu1kk26svhzbrcuhvex1q6yi9mzftvyz	e30:1v90wT:UL_AIm-Ip90DdKw8Zm2_Dx-fQvK25olXheyIMqpU2vc	2025-10-29 12:49:21.599683+00
bd2pi0ctrpc6vzkl3rkv9hqb236ixyks	e30:1v90wT:UL_AIm-Ip90DdKw8Zm2_Dx-fQvK25olXheyIMqpU2vc	2025-10-29 12:49:21.772349+00
85bejwx0pjg0t3wjgqwvyyhc2fguz4fb	e30:1v90wT:UL_AIm-Ip90DdKw8Zm2_Dx-fQvK25olXheyIMqpU2vc	2025-10-29 12:49:21.807791+00
aqvur9xukm7shhpux1v0lt0e7pfum56w	e30:1v90yg:QMWyhyZ-LASlQnZK4a4U1CgqFZnagsO2g8amZe-74uA	2025-10-29 12:51:38.86202+00
bxls5u41uenkp2nb12ipamq6a4wh0807	e30:1v90wT:UL_AIm-Ip90DdKw8Zm2_Dx-fQvK25olXheyIMqpU2vc	2025-10-29 12:49:21.841915+00
tzpkdimhcxy4stzv2ll1q66nbgayuffu	e30:1v90wT:UL_AIm-Ip90DdKw8Zm2_Dx-fQvK25olXheyIMqpU2vc	2025-10-29 12:49:21.87663+00
g8o9ufyiyn9evr41orp4mnprtqcf5a3r	e30:1v90wU:cSZtZOytHpvcT5iC6_H8qIaeUVFD4nbaMViUNWRWR5w	2025-10-29 12:49:22.023138+00
3cxphkko38xy4dcgv67to4c3ienfq9bv	e30:1v90wU:cSZtZOytHpvcT5iC6_H8qIaeUVFD4nbaMViUNWRWR5w	2025-10-29 12:49:22.216716+00
252whs53tnj8o6kivq92a6uqb0ukx7yc	e30:1v90wU:cSZtZOytHpvcT5iC6_H8qIaeUVFD4nbaMViUNWRWR5w	2025-10-29 12:49:22.297696+00
9xkmv7fi00nxkrz5go1hubvetl57r68g	e30:1v90wU:cSZtZOytHpvcT5iC6_H8qIaeUVFD4nbaMViUNWRWR5w	2025-10-29 12:49:22.482027+00
p0gpw450kb3oju0835dqvin4oimsudcg	e30:1v90wU:cSZtZOytHpvcT5iC6_H8qIaeUVFD4nbaMViUNWRWR5w	2025-10-29 12:49:22.656461+00
t0q6449zuze0czak22mky42rdr0e0fq5	e30:1v90wU:cSZtZOytHpvcT5iC6_H8qIaeUVFD4nbaMViUNWRWR5w	2025-10-29 12:49:22.888581+00
2ay1g8ajwa1hlyhodc6ugcfji6o8iio5	e30:1v90wW:HfOXry737dowdCib_1Bz8A3Ox-68VMKonUQ0uHfBGGc	2025-10-29 12:49:24.117455+00
r7hjm3h8mo1i3icu8okh5qitdi5dc244	e30:1v90wW:HfOXry737dowdCib_1Bz8A3Ox-68VMKonUQ0uHfBGGc	2025-10-29 12:49:24.161097+00
m5zqtb2fdc6ren3moi6uar7hj5itthp6	e30:1v90wW:HfOXry737dowdCib_1Bz8A3Ox-68VMKonUQ0uHfBGGc	2025-10-29 12:49:24.565766+00
4233b1bddz2p2yr9h83lsrpgbsx7ifoy	e30:1v90wW:HfOXry737dowdCib_1Bz8A3Ox-68VMKonUQ0uHfBGGc	2025-10-29 12:49:24.617359+00
f6z5q9yki2atmbujx98vsueoi4jugls1	e30:1v90wX:alFgh5m4H4Z1k5aX-F5KVQ9baV1zFBcygquqiYJlfoQ	2025-10-29 12:49:25.424455+00
0m5vvn7xm1if1zoizfv2b2dyct0zmjsi	e30:1v90wX:alFgh5m4H4Z1k5aX-F5KVQ9baV1zFBcygquqiYJlfoQ	2025-10-29 12:49:25.551015+00
p5b8qb508ld6c4iyfglyuvnlfr6mon5h	e30:1v90wX:alFgh5m4H4Z1k5aX-F5KVQ9baV1zFBcygquqiYJlfoQ	2025-10-29 12:49:25.586215+00
9iumaffeb9pg0ns6vlc4u22g6u7c3d8j	e30:1v90wX:alFgh5m4H4Z1k5aX-F5KVQ9baV1zFBcygquqiYJlfoQ	2025-10-29 12:49:25.613185+00
mmpzonqd9bescjv4je8edf0s2ir7jlty	e30:1v90wX:alFgh5m4H4Z1k5aX-F5KVQ9baV1zFBcygquqiYJlfoQ	2025-10-29 12:49:25.721687+00
q6rfle0wwrrae9d4x8x1mmc2ovp5fa6r	e30:1v90wX:alFgh5m4H4Z1k5aX-F5KVQ9baV1zFBcygquqiYJlfoQ	2025-10-29 12:49:25.981548+00
gvg0fwmcugym70axr9d4n6cu7ni8qfnr	e30:1v90wY:hmy6ChR-0wNiX-fuVc4oqzkIepzqdTrvpQFwcP75oio	2025-10-29 12:49:26.015824+00
h45rsu5usm9wq3o1j9tshae8whsc3rjd	e30:1v90wY:hmy6ChR-0wNiX-fuVc4oqzkIepzqdTrvpQFwcP75oio	2025-10-29 12:49:26.054883+00
ie00y0eq0ovu7i241y0mklzwh9eur8x7	e30:1v90wY:hmy6ChR-0wNiX-fuVc4oqzkIepzqdTrvpQFwcP75oio	2025-10-29 12:49:26.095633+00
5chuwftwh2b43d5c0nj9uqsqphyrdj0k	e30:1v90wY:hmy6ChR-0wNiX-fuVc4oqzkIepzqdTrvpQFwcP75oio	2025-10-29 12:49:26.134233+00
crqs7s6g63fm1lkgr08jqvuf889rnj5t	e30:1v90wY:hmy6ChR-0wNiX-fuVc4oqzkIepzqdTrvpQFwcP75oio	2025-10-29 12:49:26.166456+00
5qs6joo2988gzanvwhgguolbfu922hv6	e30:1v90wY:hmy6ChR-0wNiX-fuVc4oqzkIepzqdTrvpQFwcP75oio	2025-10-29 12:49:26.200959+00
xdas15hef033i6ewc74fv0gmiw5711x4	e30:1v90wY:hmy6ChR-0wNiX-fuVc4oqzkIepzqdTrvpQFwcP75oio	2025-10-29 12:49:26.252457+00
8vgu64pq6pommb2cg6oc8oilmdrlozmk	e30:1v90wY:hmy6ChR-0wNiX-fuVc4oqzkIepzqdTrvpQFwcP75oio	2025-10-29 12:49:26.886514+00
5pdwnv7shiozpo85sebe8s9rdbgbhuit	e30:1v90wY:hmy6ChR-0wNiX-fuVc4oqzkIepzqdTrvpQFwcP75oio	2025-10-29 12:49:26.918587+00
mxps90o3kkxmgwt2oy5l5ru85egh5bug	e30:1v90wY:hmy6ChR-0wNiX-fuVc4oqzkIepzqdTrvpQFwcP75oio	2025-10-29 12:49:26.946332+00
70osdm2y261dhrgd93arz1241c7ahktn	e30:1v90wY:hmy6ChR-0wNiX-fuVc4oqzkIepzqdTrvpQFwcP75oio	2025-10-29 12:49:26.980675+00
7a7mnm0alkp01dxkjvcg8lgytwyowsq6	e30:1v90wZ:QXkfuTKvyjoWrz-E6CmDQUc1UAHChksQfBBlJv3e8s4	2025-10-29 12:49:27.132756+00
ty00lcdqpk9b843699xezhkpckc7d41o	e30:1v90wZ:QXkfuTKvyjoWrz-E6CmDQUc1UAHChksQfBBlJv3e8s4	2025-10-29 12:49:27.182997+00
6fnu35fon361kcnngzlsis2xn8llbeoh	e30:1v90wZ:QXkfuTKvyjoWrz-E6CmDQUc1UAHChksQfBBlJv3e8s4	2025-10-29 12:49:27.688689+00
dogjren2xem3mw5cv0fyq73oz089fvz4	e30:1v90wb:m2lG14Dz61v2aTQVSNikSN4Bb2HQyj7fqLcpeIuyy6o	2025-10-29 12:49:29.580567+00
xt4iybgz6nve5o9yvsuhcw1gabdfpqso	e30:1v90wd:rfHxdFwSENOK9zbSodJrojVSiuaerItKphRTJuKmbNo	2025-10-29 12:49:31.152249+00
ztbozxv13fuarudkqk147zkdjsirmuhe	e30:1v90wd:rfHxdFwSENOK9zbSodJrojVSiuaerItKphRTJuKmbNo	2025-10-29 12:49:31.260355+00
vy4l85x8i6fu0x20tgk4krfiffew5kn9	e30:1v90wd:rfHxdFwSENOK9zbSodJrojVSiuaerItKphRTJuKmbNo	2025-10-29 12:49:31.523385+00
i7nq41n0s75ds8b41i9gizpckv153qzi	e30:1v90wd:rfHxdFwSENOK9zbSodJrojVSiuaerItKphRTJuKmbNo	2025-10-29 12:49:31.561512+00
fz0d31oqojpy5z0nt830wdu8e4q6hxrs	e30:1v90wd:rfHxdFwSENOK9zbSodJrojVSiuaerItKphRTJuKmbNo	2025-10-29 12:49:31.588942+00
akj15tfvl995goo00x4hcfno1epoo6x0	e30:1v90wd:rfHxdFwSENOK9zbSodJrojVSiuaerItKphRTJuKmbNo	2025-10-29 12:49:31.617106+00
id46t0kik6cmfnjwly5l2ojqy8gqgj1g	e30:1v90wd:rfHxdFwSENOK9zbSodJrojVSiuaerItKphRTJuKmbNo	2025-10-29 12:49:31.653094+00
6auk1tzdriux4sktj0seh8yi3ngzq1kd	e30:1v90wd:rfHxdFwSENOK9zbSodJrojVSiuaerItKphRTJuKmbNo	2025-10-29 12:49:31.680515+00
fgbu17arfmovugsi2j6e0c34lg1hdrrt	e30:1v90wd:rfHxdFwSENOK9zbSodJrojVSiuaerItKphRTJuKmbNo	2025-10-29 12:49:31.709598+00
i6axvkr8kif2q9m120g0se9odsrzonn3	e30:1v90we:b8PoF_t4mbzAYfnEQHGuaBZjstn3S4_G_v0ThPCZ4P8	2025-10-29 12:49:32.375942+00
v71jql79lyqpr6ntscbw1wkni0tgej0y	e30:1v90we:b8PoF_t4mbzAYfnEQHGuaBZjstn3S4_G_v0ThPCZ4P8	2025-10-29 12:49:32.414547+00
ayzg095d0xeep84a2ed0obkktnooci4m	e30:1v90we:b8PoF_t4mbzAYfnEQHGuaBZjstn3S4_G_v0ThPCZ4P8	2025-10-29 12:49:32.442472+00
stkvxu4qj8x3hvvwm4rvvckhdpjiiqs9	e30:1v90we:b8PoF_t4mbzAYfnEQHGuaBZjstn3S4_G_v0ThPCZ4P8	2025-10-29 12:49:32.562373+00
86az8iw3vpduvuzssovbz5pyroq88hus	e30:1v90we:b8PoF_t4mbzAYfnEQHGuaBZjstn3S4_G_v0ThPCZ4P8	2025-10-29 12:49:32.706424+00
3i479dwzs47ziodx9613z6y3vb36cf75	e30:1v90we:b8PoF_t4mbzAYfnEQHGuaBZjstn3S4_G_v0ThPCZ4P8	2025-10-29 12:49:32.749056+00
lab6fqa7y761yfrv2tiipfdsllf16lrv	e30:1v90we:b8PoF_t4mbzAYfnEQHGuaBZjstn3S4_G_v0ThPCZ4P8	2025-10-29 12:49:32.792896+00
jnrfjd9r31kq881526i56qrfcqp11tgr	e30:1v90we:b8PoF_t4mbzAYfnEQHGuaBZjstn3S4_G_v0ThPCZ4P8	2025-10-29 12:49:32.830244+00
tmkdeelc924ftbdogvkj6sklrrsb3bng	e30:1v90we:b8PoF_t4mbzAYfnEQHGuaBZjstn3S4_G_v0ThPCZ4P8	2025-10-29 12:49:32.861913+00
csbmkf5tltqbb9lelqxuesxykig1f79t	e30:1v90we:b8PoF_t4mbzAYfnEQHGuaBZjstn3S4_G_v0ThPCZ4P8	2025-10-29 12:49:32.899116+00
8nurrgytgee2ewxxg8zky8z4z49wfftb	e30:1v90we:b8PoF_t4mbzAYfnEQHGuaBZjstn3S4_G_v0ThPCZ4P8	2025-10-29 12:49:32.93447+00
slzqah42cfsmsh6tweact6ijprs7er9b	e30:1v90we:b8PoF_t4mbzAYfnEQHGuaBZjstn3S4_G_v0ThPCZ4P8	2025-10-29 12:49:32.971395+00
gxopthde9m0t13cqtl0wm9u9wvrgyqhm	e30:1v90wf:KIT8v65hSgPMOY6oGlXuoJaO8TnRDxMLPVZ8AbHyPxQ	2025-10-29 12:49:33.007861+00
9nhgfuknj1n2pn1zskchyfk0evfo02fa	e30:1v90wf:KIT8v65hSgPMOY6oGlXuoJaO8TnRDxMLPVZ8AbHyPxQ	2025-10-29 12:49:33.048044+00
mob66kbafolebdjwyt0odd0t3mrst21o	e30:1v90wf:KIT8v65hSgPMOY6oGlXuoJaO8TnRDxMLPVZ8AbHyPxQ	2025-10-29 12:49:33.08422+00
zqxc1qn1c0j0sf7qs47rxk0nrr0z9maq	e30:1v90wf:KIT8v65hSgPMOY6oGlXuoJaO8TnRDxMLPVZ8AbHyPxQ	2025-10-29 12:49:33.11216+00
qzuml5c4v1xrl99m7xo6lnk04eo8l7bq	e30:1v90wf:KIT8v65hSgPMOY6oGlXuoJaO8TnRDxMLPVZ8AbHyPxQ	2025-10-29 12:49:33.15122+00
uu74c95ho696bt207o7fo86alxzz5w1l	e30:1v90wf:KIT8v65hSgPMOY6oGlXuoJaO8TnRDxMLPVZ8AbHyPxQ	2025-10-29 12:49:33.185474+00
r6zuh6xzbs60bip12jbdlelfmipq8403	e30:1v90wk:6NMAkcu70e00cyCje839Jb3w_zmUA2QT_mdmstKhdJM	2025-10-29 12:49:38.700084+00
gbezurb05ppop6zf9n8wadi7h8t1ck0d	e30:1v90yi:cAffqCf6_DOu81UTiiDCdkdu2HrtcPS5xmnBbNAJZwY	2025-10-29 12:51:40.087478+00
k1vvxggsjv5llkd4xrt5c7743d61df0v	e30:1v93Z5:jaHx4BpXmfQehrpcqWrplLy19wgwxI7zFn7y42dMbRA	2025-10-29 15:37:23.125204+00
zdk14i8ciiu8qe9eb60ccok2cdjkcikp	e30:1v94tr:d2hBsRC_U8p2p5xN9rJqvEpVwxiQRw2vulJaTp6pkbo	2025-10-29 17:02:55.932422+00
wdyd4li1rkdtpk6maiihohor02tigqo0	e30:1v976W:IiSChRnosDQtLsFFtji_ZoK9koQCFs2risP8jP6YwOI	2025-10-29 19:24:08.551778+00
grpua1utkqiv90qx248rnwkzfvi15i4o	e30:1v9FdB:czZPoHLDLm1JFSkpLNYayGj4XmmyBVuR57Sa4AYWpRc	2025-10-30 04:30:25.29402+00
0mb00jwgsal8ekjyz1ympqgwxhwc3gk4	e30:1v9FdB:czZPoHLDLm1JFSkpLNYayGj4XmmyBVuR57Sa4AYWpRc	2025-10-30 04:30:25.936218+00
y0pr1947g9c34x0mmmgvafi1mocq9fex	e30:1v9FdC:GLdmpY0BdcObBq93yh78sedzJiCdbW2wz0Ufl_8pGrQ	2025-10-30 04:30:26.394803+00
k7m8hn1j5p0e45mdppm1mgkr5vpqix9t	e30:1v9FhS:SlJ6zkKiZGUzt-dvMw-oZog9Lxm9mKU0KWjd5Yibm7U	2025-10-30 04:34:50.880222+00
1nmazeyppul6yu5d8ugdx6ml11y8onvh	e30:1v9FhT:lflZOK8ucVY1Uuaww3D2YyQfAGfuQaipR7WKExXbvRM	2025-10-30 04:34:51.510342+00
s6b9n75be5750gi9vc6ywzu0hnfdoz5d	e30:1v9FhT:lflZOK8ucVY1Uuaww3D2YyQfAGfuQaipR7WKExXbvRM	2025-10-30 04:34:51.606349+00
9jbzu5n9jjvnrz4fd8qn01uib9dpkzmb	e30:1v9FlO:meP97r6DObLjLo_RPzwzam5JJgFNUdpp3j2aPx2CbHo	2025-10-30 04:38:54.297952+00
m275z2iksu3gujwf7hrvklmfo38l9f7e	e30:1v9FlO:meP97r6DObLjLo_RPzwzam5JJgFNUdpp3j2aPx2CbHo	2025-10-30 04:38:54.619433+00
xmx0xwb2msoxb0v6mptdbnids3szoe4k	e30:1v9FlO:meP97r6DObLjLo_RPzwzam5JJgFNUdpp3j2aPx2CbHo	2025-10-30 04:38:54.872547+00
6zmzvtq5xyjbwtx5cq34eocp91sis821	e30:1v9Ftc:W98fPiHZ1sa5FVUOoZAGb0JnVNy4qhXCqI6TLbtOhfM	2025-10-30 04:47:24.247257+00
iz8p0oqwgkxixl4cn7v5i1rkndy1dzaq	e30:1v9Fyl:HNklHPWMlpAxJm5bukaPT04_pqkcUwKQLHzDoivnzi8	2025-10-30 04:52:43.173792+00
zx38gmepcuvmvip4hshc89vvws7xai9e	e30:1v9FzP:1gG1DgQiyu-lDJDe2FA6zF31zEAaKoy9oBBbOLGzV90	2025-10-30 04:53:23.93984+00
w2mfae7psh7kfsz30gvchytce679ngt9	e30:1v9GHS:kZLpYSAbwI_62a4bnVhZ-S52h3aEFDkSeEWgZDJoxRE	2025-10-30 05:12:02.634072+00
i3jr8nzfmm5jhwgst0tmh9wv6lnpd7oc	e30:1v9HeL:o0nsTougLlEq04_cTqIqvixFjPOV3LjyQyJGb24dMDw	2025-10-30 06:39:45.505602+00
dlx38bn0gocs1jzbhthdni4n0pe0x958	e30:1v9Hou:VfyLyu-Wk_-fOWOI4LPvwhmL5O5p5fa2dAaS-zihDgI	2025-10-30 06:50:40.908881+00
az07ohqh8xxdunukhkdfmk0ez4ktav66	e30:1v9Ivv:qtrafCk_naupPQ0RHWJaPkG_xM-BLuLT_ZWyZamPZS0	2025-10-30 08:01:59.823282+00
ox3g5sgbvxw87mhw2mnt22n5a4hx4zsw	e30:1v9LZd:wHnkuJcaAaNPPTdyd3QpsZcanfEfz9T-wz130iJVifE	2025-10-30 10:51:09.843686+00
k9zm19ilfnqdylnvmz4b2ly6f5z0u2m0	e30:1v9RjT:rkwDWa9Z_22G7pFpRXFWQEv6ahUsV9E6U-2PtRiNub4	2025-10-30 17:25:43.931307+00
vpwofuj0essksyi7rdremvyuhonklp3c	e30:1v9Tkn:GAEykrQ4mY5SIwpKmeytlSmT5uP_2_50To6Q-lS3xgM	2025-10-30 19:35:13.204466+00
dk1hznarutsdx0gnhvjmakv0ac39rkuu	e30:1v9Wcg:QnSjTmSSzZxhJzpWu4dg6HJ3xTPnk-j3tMoH4ntakeo	2025-10-30 22:39:02.4757+00
h3dsr9ogx72s2cbmkdai7sm5sqemoj9n	e30:1v9Wch:5phfy6VFaB8dXs9jSSQf8cv54oNXb1V-7NRZBaznePE	2025-10-30 22:39:03.583051+00
7ie6x12cvgpcte9vmyd5fgwh4mdl2jru	e30:1v9YLN:UEbVXxe75rdVGKpOBgRHy0QzvfogJULL3-Jw2B38Bfo	2025-10-31 00:29:17.278897+00
xxbxjc1jyqpf4mgtzspedkbmill0mk2o	e30:1vCX8p:8vNYnl6mtBCTYXpQiBuKyybaoHNwINUeJwlu1WFmRFU	2025-11-08 05:48:39.233135+00
gawo2tw1ehs5kpc5431jr5rra2d2oe15	e30:1vCX8v:I45gImj1midH5Ggj1uWzrsLnYD6EQPfqvXKkqa9aM68	2025-11-08 05:48:45.664901+00
lw1zpglr4oqrrlpozb76wko3ly1r3300	e30:1vCXBe:5RP12G-soX_xxG4DM7nzDWHxks3OV8VqnteOKHHDJ9Q	2025-11-08 05:51:34.569069+00
l2598wwbz5huqzh97l4uevnfxbhhuhgj	e30:1vCXmf:Y__5lhJduCM_SE5mtslpcRJ5jMk3ROOd51hBXwQxe-c	2025-11-08 06:29:49.711138+00
lwd22dh0kk5i2a4k5x0ajuyiggs82a5l	e30:1vCXoO:hHIJZN8cjZx_pVak-CJt6ez_HVqoVDe5uF2l5hjT6WI	2025-11-08 06:31:36.236651+00
jf5pjwsvdt19hm51yx7o9ojsqehytoz8	e30:1vCXwF:Wb7eqgxdOZyMbV_rb-wAyM8HcTOvcCHpUL5kiDueh5A	2025-11-08 06:39:43.578259+00
ddj7at16ssz35c0vu3u6ajeta2dfbicq	e30:1vCXyR:sz8boGSIXKs-J9xuJjQmbESbBKeS-bb96NBuFrPui9U	2025-11-08 06:41:59.12357+00
131iygrcbb5796tahd2k0m69czn24fpe	e30:1vCY05:x3uakbsw1G37ma02sVb2U80t5EzaXvzD5aYCI702UgE	2025-11-08 06:43:41.430899+00
bf3jddvk56tbq7uynn3csukn9nwepwjf	e30:1vCY06:2zXBRZ03ccJhlsRuQSiSFCy2GRrhwG45Ewx5XC-l8zs	2025-11-08 06:43:42.252733+00
hr7i5bah61dcov4mqoo6kb26itgpsa1x	e30:1vCY06:2zXBRZ03ccJhlsRuQSiSFCy2GRrhwG45Ewx5XC-l8zs	2025-11-08 06:43:42.290982+00
arg0r0n44ymy2syqiobx7twz6fmp3mta	e30:1vCY0U:P97xxNxybhN-g4xE59-GzUZu044veMhN-ljdH4LdAwA	2025-11-08 06:44:06.357813+00
5vzpdz4wjphdk5wm7crrf4liu03l7led	e30:1vCY1H:rrLzVfXPSC-lUK1o-VF_jyXnYM0WPF3xFyjXC8209ak	2025-11-08 06:44:55.99804+00
8fkrpxp85j9eliyuof2ej4kjgkdbpzaj	e30:1vCY1d:iiRF1i1RkM7E_RovYywBKrpXm8AYy9AvFu7miXWtNfw	2025-11-08 06:45:17.294877+00
ezuya9ryzajv7lvmonie0d1flu990w0b	e30:1vCY3a:JYDF4IzDSJmJg4D79TOvoAFzyi_ctqHiHBw0Ux0lDVI	2025-11-08 06:47:18.087125+00
yi649381zh1genb2vef1845ol8354so3	e30:1vCY5t:y7zHHNCclotBPdvaJ3mzyxLGKRuX2t7oMHbAj9UVDJ8	2025-11-08 06:49:41.602396+00
mpqib9oztakg01jl1irlehhnf7hx7zo7	e30:1vCY6c:LsBaZYZKiDPzeXOXtz9rBlk52_2VlXlwVA8CtGu8PBI	2025-11-08 06:50:26.12879+00
udfo3yuhhe0s82hkqnfc1m6i692er2z1	e30:1vCY7Z:M5zKBJXrQAeW3OntpUpsXVuOkHaaUQRNzVQXIk90ZlA	2025-11-08 06:51:25.476434+00
vne8x4c58mqu4p8hniku3kz8udxe3405	e30:1vCY8K:eiolevZ7N3MVDLXrAE1MngsVmGJlGNOZ9ta4sECvfMw	2025-11-08 06:52:12.498512+00
yw2y47j0scq21g8e9ztbmxolyalfel3h	e30:1vCYCV:w7d7MRiHuFASPkfVG3eGx7qHQO_7rWraeaGXfdYqTBE	2025-11-08 06:56:31.63931+00
2wsvy5l09iaflqsjkpjvz4h1tj3uza4b	e30:1vCYFh:IBD9E7jdPetqia0qga8q8Ao6irrGCLVcKjNXipKPv4E	2025-11-08 06:59:49.37028+00
w9sr8219p4cxjs1ehvb0addc683oykzm	e30:1vCYKw:XrlvbgUPBIjxvF06iEq2B_pCG4IwF3c8uLYxr_YGCHg	2025-11-08 07:05:14.254883+00
w7ctsc7woj5jwh1hm7uz2wmm5m4s46ha	e30:1vCYL6:mJEcNU_0eiBIoNGm0-qC81WcWqNhzq5xHdLSLVgfHPs	2025-11-08 07:05:24.698206+00
se0duk4qq3aeglxglynxr9gdrtaqnnf6	.eJxVjDsOwjAQRO_iGln-xNhLSc8ZrLV3jQPIkeKkQtydREoBzRTz3sxbRFyXGtfOcxxJXMQgTr9dwvzktgN6YLtPMk9tmcckd0UetMvbRPy6Hu7fQcVet3WyCXUm78CiV6aAw4G0VaTOWxRWAJqsB7bMIejkMRVjVQHtTEDS4vMF5Vo3yA:1vCYOU:A3JSuGms2lUEUOSw07pcXs-nrZVgfNOAZkY6Lcf-c2M	2025-11-08 07:08:54.333314+00
jnors38cmtvds7dmt91eib3cuy9f9mkr	e30:1vCYPa:aqh3qWJk2YVawWB1BkN8EkGd7H6NU_Scp8V7GFz41aI	2025-11-08 07:10:02.548328+00
od9oeo4ggserhl709p41jcp1zwdl9gud	e30:1vCYRw:sbgwcXaLY_08g8h1yH1q59UBsv4sPIS1-Mx5-_-qF6g	2025-11-08 07:12:28.05655+00
eb0eiw6k9mfh7chw9vy6w6fpo58ej0k9	e30:1vCYWK:HiKE_RrGC7eHyfezS_DXQcljxbcbZeKt1ADYmBdhjbk	2025-11-08 07:17:00.356259+00
qc3c441we2ul6hll5422thf47l1dsgxc	e30:1vCYXI:4tHi54bj7a8Bxyy6sIhfWskHo4PU71Xa2A1oq_S3m6U	2025-11-08 07:18:00.182023+00
y1wq5eyn5007r79sviyiogm5k13drepz	e30:1vCYa2:WkBwMg55GRotR9A9ByIOuFVRGBtFUzHRpFxxTRdyIUw	2025-11-08 07:20:50.433209+00
d4wptvmm04ry9jgzo3ah48dhou6tlwtz	e30:1vCYdb:VyaQHM1PkFSu36bWfMcSnYtIhmTvlTbYEEnpuWIhIn0	2025-11-08 07:24:31.940672+00
hz6x0zdj3zqf1wqpqxzwzjv2u8zgh81m	e30:1vCYe7:Dq9KF02JykWJxOvLvdPIfr_zrCH0PV1YMyaorKrx6XE	2025-11-08 07:25:03.853311+00
ejvm6hdgv6zqwcfrsrgwh46s0w6g7y3z	e30:1vCYfI:1AOQ5iOacbR5F8-wtNJwSNx7Ipkg_t7UsTyp6MVg6MA	2025-11-08 07:26:16.82829+00
9u9hjcwy20j089jffhh1xmo291sy9dxb	e30:1vCYsm:lGJsibQR_gKG-8fSUqT7FD0W_mGZCuCS1iSep_ZP_DI	2025-11-08 07:40:12.202492+00
e3r4fk5sc94h3iln0qhy2vc46hfssm7h	.eJxVjDsOwjAQRO_iGln-xNhLSc8ZrLV3jQPIkeKkQtydREoBzRTz3sxbRFyXGtfOcxxJXMQgTr9dwvzktgN6YLtPMk9tmcckd0UetMvbRPy6Hu7fQcVet3WyCXUm78CiV6aAw4G0VaTOWxRWAJqsB7bMIejkMRVjVQHtTEDS4vMF5Vo3yA:1vCZDq:7x1jBORPnosuhY2k8BzZ_AvzioTTndvHwC-lmkyXC9g	2025-11-08 08:01:58.423888+00
ro25ulilgwlzw2e0a2loevfzp5vw01aa	e30:1vCZJ0:3brgkQ_ZTPzwE2KKAQylG6cnlphBVa9dUC5u9_bwSFw	2025-11-08 08:07:18.367028+00
swrytujrxz5fvcp8hm711k7rvnuf6ldi	e30:1vCf1r:7g8NmK6ZToPqblYCQ35Isn_DXykTkbqgP7aFLueXvck	2025-11-08 14:13:59.464456+00
oeu32u6q31khadrb66zavol3q6swenu0	.eJxVjDsOwjAQRO_iGln-xNhLSc8ZrLV3jQPIkeKkQtydREoBzRTz3sxbRFyXGtfOcxxJXMQgTr9dwvzktgN6YLtPMk9tmcckd0UetMvbRPy6Hu7fQcVet3WyCXUm78CiV6aAw4G0VaTOWxRWAJqsB7bMIejkMRVjVQHtTEDS4vMF5Vo3yA:1vCZPg:DTBHVGQjf5B8t49OffaFJ96n8kchcRQxRDgxNNHtiMU	2025-11-08 08:14:12.501766+00
lays4wvrbh8x08bn6e4a24gct29e3dcv	e30:1vCZRK:c_eLCjIoSN9TE-qb8mHSAkySa14kMqaTrD7xryoOvpw	2025-11-08 08:15:54.547171+00
2geu0eisd37gji12ed4c26p9s8la9uze	e30:1vCZUP:_ILrFs8G0bfd_DjlKOtM3U6CHbGWKvEUsySyOZg7OTw	2025-11-08 08:19:05.100065+00
v6gh4541spoym37acqayuhrplswo1xz8	e30:1vCZXb:wsnQVqhEgaDjGaHwabGifH5eh2mU35aD-4laMFp0CJw	2025-11-08 08:22:23.501383+00
0rrkv8zbvug4l4l4frutxyp7t8ogrz6w	e30:1vCZm1:iN_tTG9oLxQGwY2ADV8lokv8rF_MMugYoGBKKS9MrmA	2025-11-08 08:37:17.517439+00
6stc900oz72n5psv66ublkeen8juh9mh	e30:1vCZoY:OH4F3fG0-fAhRMYkBJ6B_oeHnc42U0y6mjo2hPZ960U	2025-11-08 08:39:54.03548+00
vxk2owuq2giboz1j0ey9qhkyhoh84c1a	e30:1vCa5g:9rwAmiszodWuruaSqqZiZBLx_7Ioq4tPAWUpNVPAzZM	2025-11-08 08:57:36.182306+00
bqabt49149d443y68o4arn77pdn84e5y	e30:1vCa6v:dUpmfrlU6ZDUx9w28zBopin1aXKBb6BGRy3Hw9KneZg	2025-11-08 08:58:53.022541+00
y2dpisykkbrbm7aihsw27jw9ls2bc2qx	e30:1vCaFv:ZNiYwrZzNFYKSq20ofRSB9ape9QLfdL8AaSulo8wzEo	2025-11-08 09:08:11.07259+00
voct1apclkt9pmuo9l5tl1fx6yldcjkk	e30:1vCaFv:ZNiYwrZzNFYKSq20ofRSB9ape9QLfdL8AaSulo8wzEo	2025-11-08 09:08:11.745355+00
gnzrhffmdgoz3yf7x3azqqks0twmn9xp	e30:1vCaFv:ZNiYwrZzNFYKSq20ofRSB9ape9QLfdL8AaSulo8wzEo	2025-11-08 09:08:11.977404+00
qgx4g0liowvr41vth04vnfg6oy51z115	e30:1vCaHQ:wTSJ0-o19noBuYLQrIym6n0xMaEN1Vob2GEqW-wDoiI	2025-11-08 09:09:44.067067+00
9q8xrhfn99pf6d6x9fzrrpsyqijpyih9	e30:1vCaL5:gduMmYPkmQA8tjUDXm9WYviu-4GJyjEwzNEZLtk48Cc	2025-11-08 09:13:31.182343+00
hn8s70wn8b0iv6jzcdbny60xa4hiynpr	e30:1vCaQV:_jxjn630Mr2-00hj3wnlI097Qn0tAeeETPeE3_n-js8	2025-11-08 09:19:07.323285+00
ao0yzpuyi33dhkk85zntjlzouykqsynp	e30:1vCauM:XBSv0gKxAhJNmymeRwEjd9GFMUfYUYnjvVZgvorXwnk	2025-11-08 09:49:58.671526+00
eivtz6w0e25xpr6u8i6q9qy3zs29r16b	e30:1vCbKg:nl13s3FaEfBLrBwjab7JkpQL7AKxRfXbYdhvefomhxw	2025-11-08 10:17:10.597359+00
a7b0lursy90tkvoakxuqbybv7qpvd78i	e30:1vCbLL:Ds5c4yrAGrT2_M26qK0ANjANtDJaGjlwIYbBfHHzOCg	2025-11-08 10:17:51.953818+00
atkyqy2uci9sl71pehx1nn52ffbu2pos	e30:1vCber:pY7fTEtldRMVFo4QyhYQ0oR7ccWehmNP3OzUxi05uf8	2025-11-08 10:38:01.070563+00
kbd3cx7wr6892jrxqlhwg5jw2br7boly	e30:1vCbnV:qs1wfOHN3bqWXi3MCqEG7BFeVrCBiwArvsn-NABAhbk	2025-11-08 10:46:57.370262+00
ywzc20c3j51oonzxjb6ikc7vf6jo2nvs	e30:1vCbnW:9kA-M__iIAoRWlDO11Wuio7ZyvXSIM3h_GsITT-N8MI	2025-11-08 10:46:58.241424+00
8bj70qqb6ywhygbvb6f555zcq77smkj4	e30:1vCbnW:9kA-M__iIAoRWlDO11Wuio7ZyvXSIM3h_GsITT-N8MI	2025-11-08 10:46:58.277038+00
dgfbitqt2xo9s1e5ahmyk1sr8rruits6	e30:1vCcNY:RP6vd_HI3I-5eDUibOVLXNjLUh8z1IBbAx76EfSHZ0Y	2025-11-08 11:24:12.411886+00
i8297da10kgnwwqgyuvtf290oq8p8xr7	e30:1vCcfA:jlwnYF5aR-3UChtaAT-_7GqQMQ_UG4KfwcRv7iY2gLc	2025-11-08 11:42:24.292584+00
056byhh50nb5tvea76kisctxh8kbmk0c	e30:1vCcqj:fTAfpL3aSFEk4bIdBshmRspBNPdwnjTN3A4Gh9seqSE	2025-11-08 11:54:21.550145+00
7c65uk69whi5cy7tc3k4idrc1qtzw46l	e30:1vCd88:Re-IS9Av6qHDZdygx18mfO5MBZcwBeHbd26uGjAs5dc	2025-11-08 12:12:20.628836+00
ufpy355mil3787f3teworqhzo6rho5by	e30:1vCdFs:zanle2CREQSTKE1_30CSifar4R5j2fYh_XQhQiNTcvs	2025-11-08 12:20:20.276332+00
fmbxzhsl510yhpwbz4d1m0wmq5jwq90z	e30:1vCdGY:4Tfam9ct_Z3TVmuC4epAmquhsXRfZYaeO8KFEeg_j6E	2025-11-08 12:21:02.77262+00
t054m0q8gbt5cshexzmpymc5aj0g8l5c	e30:1vCdGe:pplY8pgSmamWU2mokHcWNPDfWWQjvmRbQVLMCOMmcT8	2025-11-08 12:21:08.148656+00
6ulmwa6ya8y6wkpp0ojql8ipg89jahf4	e30:1vCdGy:k2t7tQverCfgSTiTItK4y88FDH-MUWFsYREsAc88p4g	2025-11-08 12:21:28.010741+00
hzv7kkj4vpzpy1g9ngwwx9j6kq2j8upo	e30:1vCdLI:_IUpsMr6R0y11V4ivj6IcFOoQELNAdH9San1Oih-i7o	2025-11-08 12:25:56.982543+00
mpvjgmwnmigzvgbjpr2012z9i8kagwtu	e30:1vCdLJ:YqmyGjjn6k9COoBfMsGoTNasqKt7gYIITsZe0ekwuAQ	2025-11-08 12:25:57.472367+00
2l8y9f7k97soszkzxf9ul0jwbmw38a96	e30:1vCdLJ:YqmyGjjn6k9COoBfMsGoTNasqKt7gYIITsZe0ekwuAQ	2025-11-08 12:25:57.683147+00
y4hmdikpi3iywvqjioyesrdaykpwekmw	e30:1vCdLJ:YqmyGjjn6k9COoBfMsGoTNasqKt7gYIITsZe0ekwuAQ	2025-11-08 12:25:57.725008+00
6k5913g5znk3unkcrqvfmjpflvuukogz	e30:1vCdLg:RkCR_8RkWC_4GfuFF1JqOK2lO1oCThAgrSpnSov5UWk	2025-11-08 12:26:20.238217+00
e6pp4ib85klxnyu1whrak7prfyx49ncf	e30:1vCdM3:TimgpQ_k6yUt5HdYvURVNLD2zuldVW7FpEc_zuBMzHQ	2025-11-08 12:26:43.201695+00
5ssn8ijs9gmqjx3dkkzlhc09kvmkkond	e30:1vCdMB:bFf3DlghtgGz-nJp1B4dKDUdHRKhQHG4TrXUFEOK1GU	2025-11-08 12:26:51.82422+00
mrj71o4a805u604qu2gdrhx9qe6rjf21	e30:1vCdML:_Dppr6Y8VcQ87tAfGOqrtdesLyAZcymRKQqscmLNQlU	2025-11-08 12:27:01.35608+00
l1twtnzxkidgwsbni6yfn1hxewavfg92	e30:1vCdOP:HS5xHrE0XVV_QryEhCsII3i0SsZqPxe8SijlIR-T6lE	2025-11-08 12:29:09.830153+00
a3vprz86dzfw60w6ph7gmriv09atlyn6	e30:1vCdOQ:xBAYolDKAQ8RV-ErykRx87YIN3Lvi_nwtsF7jsyA7-E	2025-11-08 12:29:10.249105+00
xv4lxoa1nutb9x8cf6bcgllgk8eplsb9	e30:1vCdOQ:xBAYolDKAQ8RV-ErykRx87YIN3Lvi_nwtsF7jsyA7-E	2025-11-08 12:29:10.2912+00
6883586vycjyzlagz3dvn9ri8p6tzgoe	e30:1vCdQz:mpoJJtYLvEBmQ7Gbv-GR8KErtN3kP9qQnLYsp5DoCbc	2025-11-08 12:31:49.663203+00
zj2kc6lg4mzkdj98wdltlaztdzokt363	e30:1vCdRS:f_0d1CMZjrhbp0gRIKW5RIvCOvm-9joyyDDpvJCekhA	2025-11-08 12:32:18.710848+00
rqs5oft97zd5omqvl1atmf1ftaiyaziq	e30:1vCdS8:P3kD_C3zbWcKpiMT1XqhyYEiyhitnV8thq-U0QaVofA	2025-11-08 12:33:00.570081+00
8nghfavf857pg0dscxw2y3yjst2oz05u	e30:1vCdSB:DTWZ4xKZ1Xro2lH4aexoztjK0NMdlIQZnt4el9zBjQg	2025-11-08 12:33:03.434625+00
k03p094l7n97416ydefnh3majsm9mozv	e30:1vCdSG:6LBmhxIzTMjt0eWk0GwtGQGmy3qbCTChTspFyThUJwk	2025-11-08 12:33:08.366235+00
3irpexfg2r38gj0xqm0vks0bkcqeoyg5	e30:1vCdUB:xC9jdbAAiMUT4AxsDYNVAEdAgpW7Zb_PxdS95eyDxN0	2025-11-08 12:35:07.078655+00
wwfsfk3jupwt7pnlwo1jgc2afk9w2vj8	e30:1vCdUB:xC9jdbAAiMUT4AxsDYNVAEdAgpW7Zb_PxdS95eyDxN0	2025-11-08 12:35:07.118044+00
2ync2izzs59n3r8i1k5r7kr0w7g2iyhs	e30:1vCdVv:OHtz-x4LiKTh6MC9v2u2VmJ9T72fjjKllevk_amHBGA	2025-11-08 12:36:55.665369+00
3glvbn71gvalssthiwj7dw4hvd3p69ev	e30:1vCdVx:vOXxWMdTWcUbsDca6z7CGebUfxrkBU0wLCgqa0QSi-8	2025-11-08 12:36:57.181245+00
qfyeh08rrdwc98nxgf0x3ydkqpo0a32q	e30:1vCdW8:Mef1wkQ9sydnEICpFT4FKT3lm7U-Erk5atGyuLl44hs	2025-11-08 12:37:08.475945+00
vw1x6kbbbow9k5usob4d8f131d626i5r	e30:1vCdWJ:-jS2XBERk9pvXwzMG2DVMOJ9-S7AYt2A0cl_OOMbx2w	2025-11-08 12:37:19.162804+00
o24pv1gdn1m6o8vwo17i4fxmvmo1zrcs	e30:1vCdZ2:bVkn4qA46hR0-keclt0nOyhINl5UyDiX5lZAksxevag	2025-11-08 12:40:08.754+00
3o4ddhm8nxny5wokjxk0j1jxasfip687	e30:1vCdZu:Y3KsTjAfCSgSw7ljNcxPEN09LmHMe2mMB2nOe0fznYs	2025-11-08 12:41:02.314551+00
nscxk57fdxyd912burjdwqrgxcazi16p	e30:1vCdZu:Y3KsTjAfCSgSw7ljNcxPEN09LmHMe2mMB2nOe0fznYs	2025-11-08 12:41:02.997105+00
5gm6fui1cv70w548mcetu74m3exjdjvp	e30:1vCdZv:yp_J1wJGD_0PpTC1W_eATvfmlY1gaaQmQulnaWnbET0	2025-11-08 12:41:03.756488+00
bs99ov830v3jdzj6m7827hu00tvorhkm	e30:1vCdbg:MUr-SNfH77ksgP9e6992JBiENqwoLrsgsgf8vzbP3-8	2025-11-08 12:42:52.181703+00
e92ht34omdowhlcznwplirbandyuepcl	e30:1vCdbg:MUr-SNfH77ksgP9e6992JBiENqwoLrsgsgf8vzbP3-8	2025-11-08 12:42:52.304748+00
fywxe9vnoxyx73y85ntcyi92lb98nzmn	e30:1vCdc5:tG1sVehRHPBQ_YPsf5Ir5uD_QFv1acH-fBe7kRFoESs	2025-11-08 12:43:17.25925+00
mpylvcq7eax2cc0zdlxwvf5hads44w4f	e30:1vCde2:6dardTdW4DWX6QokGehgZ55fC6llyMmA2daAd5fcXMI	2025-11-08 12:45:18.750343+00
doa5j7xshr9cczf0l8dz1c4xg3rl0k3v	e30:1vCdeI:6mRbkwhvGnoauPHMjB_XMO45qHH0NFTDo8c10TIqi_Y	2025-11-08 12:45:34.588764+00
4clofgmlpchtrrqvdogcnxramnnjrsjg	e30:1vCdeL:nuwLZyHIoIg5IWL6RESBUvjqAeEIBCHPneycriLBQDU	2025-11-08 12:45:37.626106+00
hvmqav1yuvgkmpm6b05bzkbn6lbbxgn8	e30:1vCf2X:590yMQBrGnPoHnjLriXYC54JrkXHKv-UawKEJ132VXs	2025-11-08 14:14:41.555013+00
4iokhza0w9gn9q6r8qjxsymlbjb4xifk	e30:1vCdgF:6taqgRJPpdq5rHhgCb08MABiTCnbJdG4GPqYemevVSw	2025-11-08 12:47:35.450229+00
o9ed8pk1q9fgsvxcejx8rkvogbxau33d	e30:1vCdgR:_GL1IcDMzB1RnLTbAGXT4NPMHFES-ySDt2kggDKMSdM	2025-11-08 12:47:47.076231+00
f1sho6qxpv9majg8n7uri7xfne2969h1	e30:1vCf3q:7p-cW3_vnnJGlDIbniNqiAyUcPk-akdVpD6zh7n4Rl0	2025-11-08 14:16:02.20711+00
ts5eocq4qdz6rc9zv1v772283xxh74ez	e30:1vCdhW:IboHoi3Ru6KyA-c-IjyLQnmEiJBd1s0LFdrn7goUk-E	2025-11-08 12:48:54.015799+00
v1txa0hozpel9cqr3k394i8cbazpoj79	e30:1vCdlC:KaJxaPt2bxDGHyy9_5LPh3ek2mEszHXw783vsrwhook	2025-11-08 12:52:42.973492+00
rs29w3zh3cfcpc3e89pcw7d7bckmspkk	e30:1vCf5B:YTNRD1LYVbDH7gtTmMbNOLocEDmc5zm5qOiTuGHUaFY	2025-11-08 14:17:25.073851+00
kdd7jzh6ay776ixf1ai0oypmpcwd40gw	e30:1vCdlD:HP2Hj0-1AbPbu0gC347SxVs5MHBwFQpjAfRs4F7Gb0Q	2025-11-08 12:52:43.013701+00
q2jizaodiv0jp5l2yph3fsg118gimw54	e30:1vCdlJ:HTuAJ_CRRPTKJ4RlsCvdvtkdYeXndNcw7AEpUC9GdQA	2025-11-08 12:52:49.419656+00
30uo9rkcfq8nh5rr0uczuud8bcdq3ppb	e30:1vCf5O:TM1lMUfBrcpZMtP_UUFP1K1dydt91tFeqrOSo-FZONc	2025-11-08 14:17:38.935455+00
ukej5sd3pqwmgp5w3syzwuoy64mhkbgg	e30:1vCdlS:xuH9hIdIiEw7EydUi4Mra59Lq2WWV7hWjEQEA9hpqVw	2025-11-08 12:52:58.75537+00
zka4bw8ehzki5cggvc4ownnnwhmdep17	e30:1vCdlT:BsMx6t_t8kLKM2IzNb07VZcNRyfFzmp5KIw_Bwy2Tsk	2025-11-08 12:52:59.096116+00
8thphk2kqac9dl6nzg2p39fqbizjzdbu	e30:1vCf6V:5vBJGhNCCmSksCptXiqMnYczsx7giLf73atkgm2Q5CU	2025-11-08 14:18:47.20136+00
jb2dfeuudmkt9le3fnenanmxrn836md6	e30:1vCdrw:ZJb_q4_eZL4P5EAA9vtvp8w-GHWahzH7OPkzfB9wwBo	2025-11-08 12:59:40.546096+00
0qq4podwbmyuxjcwi7xqrjfuhhotkowh	e30:1vCdzA:7COs5AJ08KBqdt4i2cVWJ1bOe8klclrVgLW7amRXw_Q	2025-11-08 13:07:08.499021+00
i096rjxdshr9lhgz10yezb5ggthxlve9	e30:1vCfB8:Cxbegg6tft__qDmxD53fO-xbXZpENs116UTzQ8gcHXE	2025-11-08 14:23:34.221151+00
vrbf469hg0ckxxjbj5n2i00ctxyobydk	e30:1vCe1W:cR1bQQFZirBsKxCRE5Dqqx9OtcHEcWl7KAe5Lbei3Vk	2025-11-08 13:09:34.204035+00
s1i9865pwboobpvr8m1zocykgsxmoaha	e30:1vCeHt:XB2zJkuwU2g8eqt_cQvmxCYuQoinXRWNBi_nyprvb6c	2025-11-08 13:26:29.179187+00
sjj9zy4j72dmu5yjbdikaz1uxdw4syk3	e30:1vCflT:fDsz322774miTCwWg3bht1dC0qb2_iG8sBZTBtPTH3Q	2025-11-08 15:01:07.839622+00
dr491ypdj66ow48xq7460kqyf1i2imff	e30:1vCeHt:XB2zJkuwU2g8eqt_cQvmxCYuQoinXRWNBi_nyprvb6c	2025-11-08 13:26:29.264577+00
sgcgf25ybfmnxdrblojgesse5l22kt9j	e30:1vCeJA:tI7k4owSbcyDoeaSFIJjn5aHsJ2Rl3e72JNwiOe4TDE	2025-11-08 13:27:48.523046+00
yvz6ddqeag7fxq7vhf309dmuupa24wnx	e30:1vCfv5:4DJAf6a061SZCgSgPvaWgPnD1ycPMjSzoluR8s3bsIU	2025-11-08 15:11:03.988659+00
igijrtx2sbgxrq5m68j49nsusrrmcelm	e30:1vCeJD:N8V7Am4jt-vKNX3kryDoh1z6DndoW1Ynm_APO86GNzo	2025-11-08 13:27:51.4986+00
ycfbhg8ccyt7ajwcp49omdj1j0yvj8zz	e30:1vCePw:2PD_egyq48_rrV5oE9dhlFJY1-ZVUcvxpmFY3yYNvxc	2025-11-08 13:34:48.214124+00
7xs4jytyw9fipcsp0yq0on7p22a6c6of	e30:1vCfxX:H42fcHCESCRM0zrXt_6b_6eot9G15bDaBMZeMv7MwKU	2025-11-08 15:13:35.006118+00
tnerd2t3ytgxkt9gsxjkws0e5r27pt28	e30:1vCeRO:s1nm49Dz6srRa53JepsOele2owX26_nvF34auBmPtzY	2025-11-08 13:36:18.693463+00
jyivaif14gbu50aq9amcxfykyifbl7xn	e30:1vCeUG:gTgzuRL2jEHZRJaNIhtLI2UBHHhnL3dDeRZEvKSMsvA	2025-11-08 13:39:16.348953+00
k5x5bv39n0v58mz1q8jkmy77fhvymz0m	e30:1vCgBP:sQYm6KO2mD8sTwRNSdxx_bKOTgD8oiaIGiXmrE8G1b0	2025-11-08 15:27:55.968051+00
5l8mqtqdheg8zyy229xzntkdkqo5zko6	e30:1vCeUG:gTgzuRL2jEHZRJaNIhtLI2UBHHhnL3dDeRZEvKSMsvA	2025-11-08 13:39:16.390499+00
nkbxwus3spyi1ae0znqe5t5kkii5bphu	e30:1vCeWB:KGJk3YqVQ9oWVZrKBOVyIxzq0mmlSg3CdzSptcdhcaA	2025-11-08 13:41:15.301223+00
xhz9yngnx82yvr8ehcmcjophrc2cb326	e30:1vCgBT:5PKTSY9o5Wjn7Z6IcuiTPI-SUI0jXvWXU_mHPkCW0aY	2025-11-08 15:27:59.458018+00
tur90gtawyw33u5h5kvq2nuozdz5khrn	e30:1vCeYV:GVT5nVQR4Lme7IULTRj0cZr4hP6yFtWMUxOyaR-dEsk	2025-11-08 13:43:39.890711+00
s9aeoiy3hrsalcb79iz9only3f8b4lcr	e30:1vCej7:Pzn9JYpjeMGSwX_ZpvgrpFTlx6MeBKtdCCI81RPY-Bs	2025-11-08 13:54:37.04138+00
t2ul7f44522v7r8fhhoqn120vt3o6eq1	e30:1vCgD2:u_4sNL3D4KAIVVxpQn6KySB4cUltkrEKBOWfXrSwYQM	2025-11-08 15:29:36.985299+00
i9p9phxt5imf75n7irhxvjrs7dg6jads	e30:1vCgD3:EEPhFvKaCUZezG0gngu_ZZAhHrhu7ZITupocdU81b9s	2025-11-08 15:29:37.027902+00
7b22mpu0l8scu1qemmj8iqg5zrm6bppx	e30:1vCgNb:s92oD80DwJXdOAi3cTQE-HligBmvryUWOgzUJyLgc68	2025-11-08 15:40:31.295426+00
nxhab8k2airwo2qaamu02he7ygx0l58p	.eJxVjEEOwiAQRe_C2pABWlpcuvcMZIYZpGpoUtqV8e7apAvd_vfef6mI21ri1mSJE6uz6tXpdyNMD6k74DvW26zTXNdlIr0r-qBNX2eW5-Vw_w4KtvKtZaBkO0tWCLILRgwBOxQJOTF7cg7QWoTRmhDAd6NPGUxvUEwODgb1_gD-JDfl:1vCgOF:6WDfCeqd9DrRcFKAr_6UOBrMsTFOjKHByQHru8VV_ko	2025-11-08 15:41:11.826336+00
7po5039alxlfz8r3hd4umw6809h4rbkv	e30:1vCgWY:3cEIShHlZnkyhO8Qh7qbB6aVcwDdxpOSraARKLoO_OA	2025-11-08 15:49:46.924009+00
kd3j9mvrjrkb80rbed7c8hrjcu5zzf7k	e30:1vCgnt:kWAI6rWtqFNzuoPArIedVHDPFSoBDmrQtE2_LvwT8iI	2025-11-08 16:07:41.687524+00
prhbfunkho9xni1ss27awao5wdecsg22	e30:1vCgoP:I6tQ7SjaRzxIwirFxMkOvJrbUfFhjAOn9dO-i58B74c	2025-11-08 16:08:13.439377+00
m37yau9oskwrhverkr4lc71v2dn7uspy	e30:1vCgpw:rMEDyjCmfnCLm_4TB5uel7-aJo4fqnrEGJKaZLCwulA	2025-11-08 16:09:48.797913+00
hkvqo09tk1wmu4534ag8qq5oqtmnwf2x	e30:1vCguq:OdB7XUA5sm5oJ3x8q4AKB2nG5catUk2ooclKNuU1Vd4	2025-11-08 16:14:52.565966+00
rp0zkn8g9f7t42vmw3y5v4ozv51txaa6	e30:1vCgyX:04zX5yGAOzO2bMKBHnAL_3glcidrA6VEmlWfIUTF4_M	2025-11-08 16:18:41.742612+00
3sf362cxquyi2q0p6ql39t4xird9b8n7	e30:1vChJ8:kiXXopuaeQc-aqwyv6msjWG80TSMpWBhZI0WaRbbe6U	2025-11-08 16:39:58.319827+00
s8woy7vkymxq103j7tcr7xsfyvwjtrm4	e30:1vChJ8:kiXXopuaeQc-aqwyv6msjWG80TSMpWBhZI0WaRbbe6U	2025-11-08 16:39:58.419286+00
9lwpsrn9jxet9aq281dxr9sjl87whr3b	e30:1vChNg:CnjBymynUF0gkE-Z5fsDJeMcBozFIjbyeIt5UlG3Ufo	2025-11-08 16:44:40.182109+00
wfhms7grfargppnb62c37oi24jzgks1m	e30:1vChSR:F2SCHLj0FkvkWBXZtnsFPx_oCitoLEAgzsUVxsquaX0	2025-11-08 16:49:35.947098+00
v1q3qi8borrvwqf0tnbmqozuvil9f814	e30:1vChdK:4Gk-yCldoZoixvks0iShWT0dte4rLyZTeKx9mXA09TQ	2025-11-08 17:00:50.930065+00
espid2ttqnjaln8fgkackq7mny4vy0qf	e30:1vChdL:KG09dsWmB40pziNsA8nZT6iEsLvjdiq5vQ7ZSIx2DRY	2025-11-08 17:00:51.573396+00
aycvtohc90v5j36quqg8tfoaqfxncivi	e30:1vChdL:KG09dsWmB40pziNsA8nZT6iEsLvjdiq5vQ7ZSIx2DRY	2025-11-08 17:00:51.80363+00
nn6ea4iea04luv6ng4azp1rmz3qtg0ob	e30:1vChiz:YNHYvWUuENfiSNgvLg-wN6o13ngRu8WD1oJCaErDuQU	2025-11-08 17:06:41.166892+00
pz49725dnsfr7p8d392veapiam7z2tq6	e30:1vChjE:yvziW3MMPZz3Vq93bKiAHWVHT0XtO8lCqYuu6SwVHck	2025-11-08 17:06:56.572346+00
dblt9jc5hslmaa4qekdtftkjjk4kmvay	e30:1vChjI:cjfnKA6g111BJxTWLoVOWUUl39etOU4gQRV_DPEnBYY	2025-11-08 17:07:00.365714+00
fzm1wq62lktqe76alv7d37nbqo1xstig	e30:1vChnF:Iy4yP30M2wZakdOXfz1x9rUQmhVFDTNSX2wlYMZcwnE	2025-11-08 17:11:05.57158+00
ikxjvvt1j6i2izk7icaix6r96p69egs5	e30:1vChrE:Q1m7afTqd62aSthr-K2rJBKeN_TxtXuunuOngUayylQ	2025-11-08 17:15:12.988157+00
ecqwy5hn0kfg4lxbi6bkjw30q7gpvy18	e30:1vCi39:ssuLNiQewguo08pJcwK00v6CPewJyDxOXh-iturXPKw	2025-11-08 17:27:31.259038+00
ukgh1nphcfj23bytpfbsuwy4pdqijrbx	e30:1vCi39:ssuLNiQewguo08pJcwK00v6CPewJyDxOXh-iturXPKw	2025-11-08 17:27:31.567795+00
bha99qbnao0jelukl846qdutwfbk4j4s	e30:1vCi39:ssuLNiQewguo08pJcwK00v6CPewJyDxOXh-iturXPKw	2025-11-08 17:27:31.879139+00
izu6sk60vnp3k1knjz6lz5vkk9yg24k9	.eJxVjDkOwjAUBe_iGlnBNl4o6TmD9TfjAHKkOKkQd4dIKaB9M_NeKsO61Lx2mfPI6qysOvxuCPSQtgG-Q7tNmqa2zCPqTdE77fo6sTwvu_t3UKHXb10EUsGAJlmAU0oDkfWeiZxYbwCdF2Pi0fLAQchhKuQjluAdRODE6v0BDOc5Ag:1vCi3E:oTrkqIW0yejUg-XafRRS9owqPhDBNhzO8KTR73YcvAc	2025-11-08 17:27:36.384849+00
0n1j405cdcllpexww2cavjbmg259pqp6	e30:1vCiME:k_dwwUIKkLvgIV7UOR91tDdjKxPM5MEVpEpLPuKwAFQ	2025-11-08 17:47:14.030966+00
\.


--
-- Data for Name: orders_order; Type: TABLE DATA; Schema: public; Owner: postgres
--

COPY public.orders_order (id, order_number, status, razorpay_order_id, first_name, last_name, phone, email, address_line_1, address_line_2, country, state, city, order_note, shipping_charge, order_total, tax, ip, is_ordered, created_at, updated_at, payment_id, user_id) FROM stdin;
10	2025102510	Placed	order_RXdWYmoBVHUM5u	Badrinath	Sridharan	9884701335	psbbadrinath@gmail.com	Car	St	In	Tn	Che		80.00	620	0	172.19.0.4	f	2025-10-25 08:15:52.570896+00	2025-10-25 08:15:52.70538+00	\N	4
11	2025102511	Placed	order_RXn1yWJ7R0dPXq	Arthikasri	Balu	8220094926	arthibalu18@gmail.com	58a, Tulasi Street, Kattupakkam	Aishwarya Garden	India	Tamilnadu	Chennai		0.00	1600	0	172.19.0.4	f	2025-10-25 17:33:50.628506+00	2025-10-25 17:33:51.606815+00	\N	2
3	202510153	Placed	order_RTi7QR9nA4rt97	Arthikasri	Balu	8220094926	arthibalu18@gmail.com	58a, Tulasi Street, Kattupakkam	Aishwarya Garden	India	Tamilnadu	Chennai		80.00	85	0	172.19.0.4	t	2025-10-15 10:09:31.680999+00	2025-10-15 10:10:47.581613+00	1	2
4	202510254	Placed	order_RXcPgZA7p19yms	Ramya	V	7358473846	vedaramya9@gmail.com	4 Soorathamman koil 2nd street extn	600063	India	Tamilnadu	chennai		0.00	1600	0	172.19.0.4	f	2025-10-25 07:10:39.770902+00	2025-10-25 07:10:40.607819+00	\N	4
12	2025102512	Placed	order_RXnY8F6X623569	Arthikasri	Balu	8220094926	arthibalu18@gmail.com	58a, Tulasi Street, Kattupakkam	Aishwarya Garden	India	Tamilnadu	Chennai		0.00	1600	0	172.19.0.4	f	2025-10-25 18:04:17.286693+00	2025-10-25 18:04:18.15044+00	\N	2
6	202510256	Placed	order_RXd5EcHpnAxPzT	Ramya	V	7358473846	vedaramya9@gmail.com	4 Soorathamman koil 2nd street extn	600063	India	Tamilnadu	chennai		0.00	1600	0	172.19.0.4	f	2025-10-25 07:50:00.401677+00	2025-10-25 07:50:00.609271+00	\N	4
8	202510258	Placed	order_RXdKdYNyQtGVAq	Pradyumnan	Badri	7358473846	vedaramya9@gmail.com	4 soorathamman koil 2nd street extension	600063	India	Tamil Nadu	Chennai		0.00	2530	0	172.19.0.4	f	2025-10-25 08:04:35.370555+00	2025-10-25 08:04:35.463225+00	\N	4
9	202510259	Placed	order_RXdLmpWu9wtfWb	Pradyumnan	Badri	7358473846	vedaramya9@gmail.com	4 soorathamman koil 2nd street extension	600063	India	Tamil Nadu	Chennai		0.00	1600	0	172.19.0.4	t	2025-10-25 08:05:40.675683+00	2025-10-25 08:07:03.995739+00	2	4
\.


--
-- Data for Name: orders_orderproduct; Type: TABLE DATA; Schema: public; Owner: postgres
--

COPY public.orders_orderproduct (id, quantity, product_price, ordered, created_at, updated_at, order_id, payment_id, product_id, user_id) FROM stdin;
1	1	5	t	2025-10-15 10:10:47.588263+00	2025-10-15 10:10:47.595739+00	3	1	1	2
2	1	930	t	2025-10-25 08:07:04.002275+00	2025-10-25 08:07:04.008074+00	9	2	11	4
3	1	670	t	2025-10-25 08:07:04.025687+00	2025-10-25 08:07:04.029805+00	9	2	13	4
\.


--
-- Data for Name: orders_orderproduct_variations; Type: TABLE DATA; Schema: public; Owner: postgres
--

COPY public.orders_orderproduct_variations (id, orderproduct_id, variation_id) FROM stdin;
\.


--
-- Data for Name: orders_payment; Type: TABLE DATA; Schema: public; Owner: postgres
--

COPY public.orders_payment (id, payment_id, payment_method, amount_paid, status, created_at, user_id) FROM stdin;
1	pay_RTi8WPAeMTthBD	Razorpay	85.0	Paid	2025-10-15 10:10:47.579421+00	2
2	pay_RXdLy6TzraWT76	Razorpay	1600.0	Paid	2025-10-25 08:07:03.993357+00	4
\.


--
-- Data for Name: store_aboutsettings; Type: TABLE DATA; Schema: public; Owner: postgres
--

COPY public.store_aboutsettings (id, story_image, choose_image, impact_image, updated_at) FROM stdin;
1	about/WhatsApp_Image_2025-10-11_at_23.36.11_b927e13d.jpg	about/WhatsApp_Image_2025-10-11_at_23.36.11_ce0c5d44.jpg	about/WhatsApp_Image_2025-10-11_at_23.36.10_74436f8d.jpg	2025-10-12 06:00:38.167147+00
\.


--
-- Data for Name: store_keyingredient; Type: TABLE DATA; Schema: public; Owner: postgres
--

COPY public.store_keyingredient (id, name, description, image, product_id) FROM stdin;
1	Cacao Butter	Rich in natural fatty acids, cocoa butter deeply nourishes and hydrates the skin, leaving it soft and supple. Its antioxidant properties help protect against dryness and promote a healthy glow. Perfect for soothing and rejuvenating skin with every wash.	ingredients/cocoa_butter.jpeg	1
2	Collodial Oatmeal	Gently soothes irritation and dryness while forming a protective barrier that locks in moisture for calm, nourished skin.	ingredients/Gemini_Generated_Image_4wgcj64wgcj64wgc.png	1
3	Willowbark Extract	Rich in natural salicylic acid, it gently exfoliates dead skin cells, unclogs pores, and refines texture for a clearer, smoother complexion.	ingredients/Gemini_Generated_Image_dmcprjdmcprjdmcp.png	1
4	Black Seed Oil	Nourishes the scalp, strengthens hair follicles, and helps reduce hair fall while promoting thicker, healthier growth.	ingredients/cuminseeds.png	2
5	Coconut Milk	Deeply hydrates and softens hair strands, restoring shine and smoothness while reducing frizz and dryness.	ingredients/Gemini_Generated_Image_9a3is29a3is29a3i.png	2
7	Hibiscus Extract	Rich in vitamins and amino acids, it conditions hair, enhances shine, and helps prevent dandruff and split ends.	ingredients/Gemini_Generated_Image_y2xoexy2xoexy2xo.png	2
8	Ceramide Complex	Strengthens the skin barrier, locks in moisture, and enhances elasticity for smoother, more resilient skin.	ingredients/Gemini_Generated_Image_hdbon3hdbon3hdbo.png	4
9	Milk Protein	Rich in amino acids that support collagen production, improving skin texture, softness, and overall radiance.	ingredients/Gemini_Generated_Image_ujuqdiujuqdiujuq.png	4
10	Wheat Protein	Repairs damaged cuticles, enhances softness, and boosts volume by retaining moisture within the hair shaft.	ingredients/Gemini_Generated_Image_5io6wo5io6wo5io6.png	5
11	Flaxseed Oil	Rich in omega fatty acids, it nourishes and seals moisture into the hair, reducing frizz and adding natural shine.	ingredients/Gemini_Generated_Image_euycjweuycjweuyc.png	5
12	Bhringraj Extract	Stimulates hair growth, strengthens roots, and helps reduce hair fall while promoting thick, healthy hair.	ingredients/Gemini_Generated_Image_mzh5w7mzh5w7mzh5.png	5
13	Macadamia Nut Oil	Moisturizes and soothes delicate underarm skin, preventing dryness and irritation while supporting a healthy skin barrier.	ingredients/Gemini_Generated_Image_ozdtagozdtagozdt.png	6
14	Blend of Woods & Earthy Essential Oils	Combines Cedarwood, Sandalwood, Patchouli, and Cypress to deliver a grounding masculine aroma with natural antibacterial and sweat-controlling properties.	ingredients/Gemini_Generated_Image_xt48iyxt48iyxt48.png	6
15	Neem Powder	Purifies and detoxifies the skin, helping to fight acne, bacteria, and environmental impurities while soothing inflammation.	ingredients/Gemini_Generated_Image_rst7c7rst7c7rst7.png	7
16	Turmeric, Tulsi, Sandalwood, Camphor & Vetiver Blend	A powerful herbal fusion that brightens complexion, reduces blemishes, balances oil, and calms irritation for refreshed, glowing skin.	ingredients/Gemini_Generated_Image_sxhv9ssxhv9ssxhv.png	7
17	Mango Butter	Deeply moisturizes and softens the skin, restoring smoothness and preventing dryness after exfoliation.	ingredients/Gemini_Generated_Image_mf9w2umf9w2umf9w.png	8
18	Walnut Shell Powder	Provides natural, gentle exfoliation that removes dead skin cells, unclogs pores, and refines texture for a healthy glow.	ingredients/Gemini_Generated_Image_j9jcouj9jcouj9jc.png	8
19	Ginseng Extract	Energizes the skin, improves circulation, and promotes a bright, toned, and youthful appearance.	ingredients/Gemini_Generated_Image_5afd6d5afd6d5afd_qy7y7PE.png	8
20	Wheat Protein	Supports the skins barrier, improves elasticity, and locks in moisture for long-lasting smoothness.	ingredients/Gemini_Generated_Image_5io6wo5io6wo5io6_aMVuuCf.png	8
21	Blackseed Oil	Strengthens hair follicles, reduces hair fall, and promotes healthy growth while keeping the scalp nourished.	ingredients/cuminseeds_ePr9DvD.png	9
22	Rosemary Oil	Stimulates blood circulation in the scalp, encouraging hair growth and improving overall hair density.	ingredients/Gemini_Generated_Image_b263n0b263n0b263.png	9
23	Hibiscus Extract	Rich in natural amino acids that condition hair, enhance shine, and prevent premature greying and breakage.	ingredients/Gemini_Generated_Image_y2xoexy2xoexy2xo_wfniwJP.png	9
24	Macadamia Nut Oil	Deeply moisturizes and repairs delicate underarm skin, leaving it soft, hydrated, and irritation-free.	ingredients/Gemini_Generated_Image_ozdtagozdtagozdt_siOtGXc.png	10
25	Orchis Mascula Flower Extract	Hydrates and rejuvenates the skin, enhancing smoothness and adding a touch of natural feminine radiance.	ingredients/Gemini_Generated_Image_1kyfay1kyfay1kyf.png	10
26	Coconut Milk	Rich in vitamins and essential fatty acids, it deeply moisturizes the scalp and hair, leaving strands soft, shiny, and manageable.	ingredients/Gemini_Generated_Image_9a3is29a3is29a3i_ZCyOO6F.png	11
27	Blackseed Oil	Nourishes the scalp, strengthens hair follicles, and helps reduce hair fall while promoting thicker, healthier hair growth.	ingredients/Gemini_Generated_Image_cij2vwcij2vwcij2.png	11
28	Rice Protein	Improves elasticity, strengthens strands, and adds volume, giving hair a fuller and smoother appearance.	ingredients/Gemini_Generated_Image_x12ylyx12ylyx12y.png	11
29	Hibiscus Extract	Enhances shine, prevents premature greying, and conditions the hair to reduce dryness and frizz.	ingredients/Gemini_Generated_Image_y2xoexy2xoexy2xo_6YxNgqI.png	11
30	Macadamia Nut Oil	Moisturizes and soothes delicate underarm skin, preventing dryness and irritation while supporting a healthy skin barrier.	ingredients/Gemini_Generated_Image_ozdtagozdtagozdt_EfNm4MS.png	12
31	Blend of Woods & Earthy Essential Oils	Combines Cedarwood, Sandalwood, Patchouli, and Cypress to deliver a grounding masculine aroma with natural antibacterial and sweat-controlling properties.	ingredients/Gemini_Generated_Image_xt48iyxt48iyxt48_AV3kcnf.png	12
32	Orchis Mascula Flower Extract	Hydrates and rejuvenates the skin, enhancing smoothness and adding a touch of natural feminine radiance.	ingredients/Gemini_Generated_Image_1kyfay1kyfay1kyf_xUS0DGk.png	12
33	Turmeric, Tulsi, Sandalwood, Camphor & Vetiver Blend	A powerful herbal fusion that brightens complexion, reduces blemishes, balances oil, and calms irritation for refreshed, glowing skin.	ingredients/Gemini_Generated_Image_sxhv9ssxhv9ssxhv_oZrHuoz.png	13
34	Rosemary Oil	Stimulates blood circulation in the scalp, encouraging hair growth and improving overall hair density.	ingredients/Gemini_Generated_Image_b263n0b263n0b263_yartvgv.png	13
35	Macadamia Oil	Rich in fatty acids, it nourishes and softens dry skin while improving elasticity and texture.	ingredients/Gemini_Generated_Image_ozdtagozdtagozdt_bJk1J6w.png	14
36	Argan Oil	Packed with vitamin E and antioxidants, it smooths, hydrates, and restores natural glow.	ingredients/Gemini_Generated_Image_94byti94byti94by.png	14
37	Ceramide NP	Reinforces the skins protective barrier, locking in moisture for long-lasting hydration and firmness.	ingredients/Gemini_Generated_Image_hdbon3hdbon3hdbo_syAY6Nd.png	14
38	Macadamia Oil	Deeply moisturizes and softens dry skin while improving elasticity and protecting against moisture loss.	ingredients/Gemini_Generated_Image_ozdtagozdtagozdt_IEXLGBZ.png	3
39	Argan Oil	Rich in vitamin E and antioxidants, it nourishes, smooths, and enhances the skins natural glow and suppleness.	ingredients/Gemini_Generated_Image_94byti94byti94by_ww0qAcB.png	3
40	Ginseng Extract	Revitalizes tired skin, boosts circulation, and helps promote a firm, radiant, and youthful appearance.	ingredients/Gemini_Generated_Image_5afd6d5afd6d5afd_geUXMLh.png	3
41	Rice Protein	Improves skin texture and resilience by supporting natural repair and locking in long-lasting hydration.	ingredients/Gemini_Generated_Image_x12ylyx12ylyx12y_WOC40rw.png	3
\.


--
-- Data for Name: store_product; Type: TABLE DATA; Schema: public; Owner: postgres
--

COPY public.store_product (id, product_name, slug, description, price, quantity, images, stock, is_available, is_new_arrival, is_featured, created_date, modified_date, is_combo, is_bestseller, all_ingredients, packaging_details, how_to_use, category_id, benefits) FROM stdin;
2	Coconut Milk Shampoo	coconut-milk-shampoo	<p>Experience soft, strong, and shiny hair with our <i>Coconut Milk Liquid Shampoo</i>. Enriched with Coconut Milk, Blackseed Oil, and Rosemary Oil, it deeply hydrates, nourishes the scalp, and promotes healthy growth. Infused with Bhringraj, Hibiscus, and plant proteins, it strengthens roots, reduces breakage, and restores natural smoothness without drying your hair.</p>	540	200ml	photo/products/WhatsApp_Image_2025-09-25_at_23.27.01_86ab7928.jpg	9	t	f	t	2025-10-12 08:19:46.977488+00	2025-10-13 06:32:45.399669+00	f	f	Distilled Water,\r\nSodium Cocoyl Isethionate,\r\nCocamidopropyl Betaine,\r\nSodium Lauryl Sulfoacetate,\r\nCocos Nucifera Fruit Powder,\r\nGlyceryl Mono Stearate SE,\r\nVegetable Glycerin, Nigella\r\nSativa (black cumin) Seed Oil,\r\nPanthenol (Pro-Vitamin B5),\r\nHydrolyzed Rice Protein,\r\nHydrolyzed Wheat Protein,\r\nEclipta Prostrata Extract,\r\nHibiscus Sabdariff a Flower\r\nExtract, Rosmarinus Offi cinalis\r\n(Rosemary) Leaf Oil,\r\nPolyquaternium-10, Benzyl\r\nAlcohol, Salicylic Acid,\r\nGlycerin, Sorbic Acid, Sodium\r\nPhytate	Our products come in eco-friendly aluminium containers that are durable and reusable, helping reduce single-use waste. Each item is carefully wrapped in a protective paper mesh sleeve (often called honeycomb paper wrap), ensuring safe delivery while being 100% recyclable and sustainable.	Wet your hair, take\r\ndesired amount of shampoo in your\r\nhand, make lather and apply the\r\nlather on your hair and gently\r\nmassage it to your scalp. Rinse it\r\nwell. Repeat the process if needed.\r\n\r\nNote: Use hair conditioner if needed.\r\nIt totally depends on your hair\r\ntexture.	2	<ul><li>Deeply moisturizes and softens hair with Coconut Milk</li><li>Stimulates scalp and promotes healthy growth with Blackseed &amp; Rosemary Oils</li><li>Strengthens roots and minimizes hair fall with Bhringraj &amp; Hibiscus</li><li>Enhances elasticity and reduces breakage with Hydrolyzed Rice &amp; Wheat Proteins</li><li>Leaves hair smooth, frizz-free, and naturally glossy</li></ul>
1	Oatmeal bathing bar	oatmeal-bathing-bar	<p>Indulge in a creamy, soothing cleanse with our <i>Oatmeal Bathing Bar</i>, enriched with Cacao Butter, Mango Butter, and Colloidal Oatmeal. This gentle bar hydrates deeply, calms irritation, and refines skin texture with natural salicylic acid from Willow Bark. Perfect for dry or sensitive skin, it leaves your skin soft, clear, and beautifully nourished.</p>	385	80gms	photo/products/WhatsApp_Image_2025-09-24_at_08.27.56_a1a9cd41.jpg	8	t	f	t	2025-10-11 15:59:03.03988+00	2025-10-15 10:12:39.403757+00	f	t	Sodium Cocoyl Isethionate, Sodium Lauryl\r\nSulfoacetate, Cocamidopropyl Betaine, Avena Sativa Kernel\r\nExtract (Oat), Stearic Acid, Cetyl Alcohol, Mangifera Indica\r\n(mango) Seed Butter, Theobroma Cacao Seed Butter), Argania\r\nspinosa kernel oil (Argan oil), Hydrolyzed Rice Protein,\r\nHydrolyzed Wheat Protein, Salix Alba Bark Extract, Benzyl\r\nalcohol, Salicylic Acid, Glycerin, Sorbic Acid, Citrus\r\nAurantium Amara Flower Oil, Citrus Aurantium Dulcis\r\n(orange) Peel Oil	Our products come in eco-friendly aluminium containers that are durable and reusable, helping reduce single-use waste. Each item is carefully wrapped in a protective paper mesh sleeve (often called honeycomb paper wrap), ensuring safe delivery while being 100% recyclable and sustainable.	Gently glide the bar over damp skin to create a soft,\r\ncreamy lather, or create lather in between your hands. Massage in\r\ncircular motions to cleanse and allow the nourishing ingredients to\r\nsoothe and refresh your skin. Rinse off thoroughly and pat your skin\r\ndry. Gentle enough for daily use on both face and body. It's suitable\r\nfor all skin types. Even kids above 2 years can use this bar.	3	<ul><li>Calms and soothes sensitive or dry skin with Colloidal Oatmeal</li><li>Deeply hydrates and softens with Cacao and Mango Butters</li><li>Strengthens skins natural barrier with Rice Protein</li><li>Gently exfoliates and clarifies with Willow Bark Extract</li><li>Promotes smooth, radiant, and healthy-looking skin</li></ul>
3	Body Milk lotion	body-milk-lotion	<p>Pamper your skin with our <i>Body Milk Lotion</i>, a lightweight yet deeply hydrating blend enriched with Macadamia Oil, Argan Oil, and Ginseng Extract. It restores softness, elasticity, and a healthy glow while Rice and Wheat Proteins smooth and strengthen the skin. Perfect for daily use, this lotion keeps your skin nourished, calm, and beautifully radiant.</p>	590	200ml	photo/products/WhatsApp_Image_2025-09-26_at_08.58.25_caf77de5.jpg	9	t	f	t	2025-10-12 08:30:34.504921+00	2025-10-13 06:32:53.167879+00	f	t	Distilled Water, Vegetable Glycerin,\r\nMacadamia Ternifolia Seed Oil,\r\nArgania Spinosa Kernel Oil, Cetearyl\r\nAlcohol (and) Cetearyl Glucoside,\r\nPanthenol (Pro-Vitamin (B5),\r\nHydrolyzed Rice Protein, Hydrolyzed\r\nWheat Protein, Panax Ginseng Root\r\nExtract, Benzyl alcohol, Salicylic Acid,\r\nGlycerin, Sorbic Acid. Pelargonium\r\nGraveolens (Geranium) Oil, Lavandula\r\nAngustifolia (Lavender) Oil, Sodium\r\nPhytate	Our products come in eco-friendly aluminium containers that are durable and reusable, helping reduce single-use waste. Each item is carefully wrapped in a protective paper mesh sleeve (often called honeycomb paper wrap), ensuring safe delivery while being 100% recyclable and sustainable.	After a shower or\r\nbath, apply body milk lotion to\r\ndry, clean skin. Massage gently\r\nuntil completely absorbed.	3	<ul style="list-style-type:disc;"><li>Provides deep, long-lasting hydration with a lightweight, non-greasy feel</li><li>Restores softness and elasticity with Macadamia and Argan Oils</li><li>Revitalizes and tones dull skin with antioxidant-rich Ginseng Extract</li><li>Improves texture and firmness with Hydrolyzed Rice and Wheat Proteins</li><li>Soothes irritation and leaves a natural, calming fragrance with Lavender and Geranium Oils &nbsp; &nbsp; &nbsp; &nbsp; &nbsp; &nbsp; &nbsp; &nbsp; &nbsp; &nbsp; &nbsp; &nbsp; &nbsp; &nbsp; &nbsp; &nbsp; &nbsp; &nbsp;&nbsp;</li></ul>
7	Herbal Ubtan Bathing Bar	herbal-ubtan-bathing-bar	<p>Experience the essence of traditional skincare with our <i>Herbal Ubtan Bathing Bar</i>. Enriched with Neem, Turmeric, Tulsi, Sandalwood, Camphor, and Vetiver, it gently cleanses, purifies, and rejuvenates the skin while maintaining its natural moisture balance. Infused with botanical extracts, butters, and proteins, this bar leaves your skin soft, clear, and naturally radiant.</p>	385	80gms	photo/products/WhatsApp_Image_2025-09-24_at_09.30.02_7711cff0.jpg	9	t	t	f	2025-10-12 14:24:19.118916+00	2025-10-13 06:33:39.479025+00	f	f	Sodium Cocoyl Isethionate, Sodium Lauryl Sulfoacetate,\r\nCocamidopropyl Betaine, Avena Sativa Kernel Extract (Oat), Stearic\r\nAcid, Cetyl Alcohol, Mangifera Indica (mango) Seed Butter, Theobroma\r\nCacao Seed Butter), Argania spinosa kernel oil (Argan oil), Hydrolyzed\r\nRice Protein, Hydrolyzed Wheat Protein, Salix Alba Bark Extract,\r\nBenzyl alcohol, Salicylic Acid, Glycerin, Sorbic Acid, Lavandula\r\nAngustifolia (Lavender) Oil, Cananga Odorata Flower Oil,\r\nSantalum Album (Sandalwood) Powder, Rosa Centifolia Flower\r\nPowder, Curcuma Aromatica Root Powder, Ocimum Sanctum Leaf\r\nPowder, Azadirachta Indica Leaf Powder, Vetiveria Zizanoides Root\r\nPowder, Cinnamomum Camphora Bark Powder, Psoralea Corylifolia\r\nSeed Powder	Our products come in eco-friendly aluminium containers that are durable and reusable, helping reduce single-use waste. Each item is carefully wrapped in a protective paper mesh sleeve (often called honeycomb paper wrap), ensuring safe delivery while being 100% recyclable and sustainable.	Gently glide the bar over damp skin to create a soft, creamy\r\nlather, or create lather in between your hands. Massage in circular\r\nmotions to cleanse and allow the nourishing ingredients to soothe and\r\nrefresh your skin. Rinse off thoroughly and pat your skin dry. Gentle\r\nenough for daily use on both face and body. It's suitable for all skin\r\ntypes. Even kids above 2 years can use this bar.	3	<ul><li>Gently cleanses and detoxifies without drying the skin</li><li>Deeply nourishes with cocoa and mango butters for lasting softness</li><li>Fights acne, dullness, and uneven tone with herbal actives</li><li>Promotes smooth, radiant, and refreshed skin with mild exfoliation</li><li>Provides a calming, aromatic spa-like bathing experience</li></ul>
10	Paradise Garden Roll-On Deodorant	paradise-garden-roll-on-deodorant	<p>Embrace all-day freshness with our <i>Paradise Garden Roll-On Deodorant</i>, crafted for women who seek gentle care and lasting confidence. Infused with Macadamia Nut Oil, Orchis Mascula Flower Extract, and soothing botanicals, it hydrates, softens, and protects underarm skin while keeping odor at bay. Perfect for daily useeven after shavingfor smooth, fragrant, and nourished skin.</p>	430	50ml	photo/products/WhatsApp_Image_2025-09-25_at_23.40.40_02870b03.jpg	9	t	f	f	2025-10-12 14:53:21.117508+00	2025-10-13 06:34:19.214784+00	f	f	Distilled Water, Vegetable Glycerin,\r\nMacadamia Ternifolia Seed Oil, Argania Spinosa\r\nKernel Oil, Cetearyl Alcohol (and) Cetearyl Glucoside,\r\nPanthenol (Pro-Vitamin (B5), Hydrolyzed Rice\r\nProtein, Hydrolyzed Wheat Protein, Panax Ginseng\r\nRoot Extract, Benzyl alcohol, Salicylic acid, glycerin,\r\nSorbic Acid. Pelargonium Graveolens (Geranium) Oil,\r\nLavandula Angustifolia (Lavender) Oil, Orchis\r\nMascula Flower Extract, Sodium Phytate	Our products are thoughtfully packed in glass jars. To ensure safe delivery, each jar is wrapped in a protective honeycomb paper net (a recyclable alternative to plastic bubble wrap). This way, your products stay safe while keeping our packaging sustainable and planet-friendly.	Begin with clean, dry\r\nunderarms. Shake the bottle thoroughly\r\nto ensure all ingredients are well mixed.\r\nGently roll the applicator several times\r\nover each underarm for even coverage.\r\nFor a refreshing scent, you may also\r\napply it to pulse points such as the wrists,\r\ncollarbones, shoulders, and neck.\r\nReapply as desired throughout the day\r\nfor lasting freshness.	3	<ul><li>Provides long-lasting freshness with a soft floral scent</li><li>Hydrates and nourishes delicate underarm skin</li><li>Fights odor-causing bacteria naturally without harsh chemicals</li><li>Soothes irritation and redness, even after shaving</li><li>Leaves skin smooth, soft, and delicately perfumed</li></ul>
12	Bathelicious Roll-On Deodorant Combo	bathelicious-roll-on-deodorant-combo	<p>Discover freshness and confidence with the <i>Bathelicious Roll-On Deodorant Combo</i>, crafted for men and women. The <strong>Paradise Garden Roll-On</strong> pampers delicate underarm skin with floral, soothing care, while the <strong>Into The Woods Roll-On</strong> offers long-lasting protection with a rich, woody scent. Both formulas are enriched with botanical oils, herbal extracts, and proteins that nourish, calm, and protect the skin all day long.</p>	750	200ml	photo/products/WhatsApp_Image_2025-09-27_at_14.40.13_3e06711a.jpg	9	t	f	f	2025-10-12 15:21:29.973515+00	2025-10-13 06:34:55.28118+00	t	f	Distilled Water, Vegetable Glycerin,\r\nMacadamia Ternifolia Seed Oil, Argania Spinosa\r\nKernel Oil, Cetearyl Alcohol (and) Cetearyl Glucoside,\r\nPanthenol (Pro-Vitamin (B5), Hydrolyzed Rice\r\nProtein, Hydrolyzed Wheat Protein, Panax Ginseng\r\nRoot Extract, Benzyl alcohol, Salicylic acid, glycerin,\r\nSorbic Acid. Pelargonium Graveolens (Geranium) Oil,\r\nLavandula Angustifolia (Lavender) Oil, Orchis\r\nMascula Flower Extract, Sodium Phytate\r\n\r\nDistilled Water, Vegetable Glycerin,\r\nMacadamia Ternifolia Seed Oil, Argania Spinosa\r\nKernel Oil, Cetearyl Alcohol (and) Cetearyl\r\nGlucoside, Panthenol (Pro-Vitamin (B5), Hydrolyzed\r\nRice Protein, Hydrolyzed Wheat Protein, Panax\r\nGinseng Root Extract, Benzyl alcohol, Salicylic\r\nacid, glycerin, Sorbic Acid, Cedrus Atlantica Wood Oil,\r\nPogostemon Cablin Leaf Oil, Cupressus Sempervirons\r\nLeaf Oil, Santalum Album (Sandalwood) Oil, Sodium\r\nPhytate	Our products are thoughtfully packed in glass jars. To ensure safe delivery, each jar is wrapped in a protective honeycomb paper net (a recyclable alternative to plastic bubble wrap). This way, your products stay safe while keeping our packaging sustainable and planet-friendly.	Begin with clean, dry\r\nunderarms. Shake the bottle thoroughly\r\nto ensure all ingredients are well mixed.\r\nGently roll the applicator several times\r\nover each underarm for even coverage.\r\nFor a refreshing scent, you may also\r\napply it to pulse points such as the wrists,\r\ncollarbones, shoulders, and neck.\r\nReapply as desired throughout the day\r\nfor lasting freshness.	3	<ul><li>Provides long-lasting freshness and odor protection naturally</li><li>Nourishes and soothes underarm skin without irritation</li><li>Infused with antioxidant-rich botanical oils and herbal actives</li><li>Hydrates, smooths, and strengthens delicate skin</li><li>Offers gender-specific fragrances  floral for women, woody for men</li></ul>
6	Into the Woods Roll-On Deo	into-the-woods-roll-on-deo	<p>Step into confidence with <i>Into the Woods Roll-On Deo</i>, a premium blend of natural plant oils and earthy botanicals for lasting freshness and skin comfort. Infused with Macadamia Nut Oil and a rich mix of woody essential oils like Cedarwood, Sandalwood, and Patchouli, it provides long-lasting odor protection while keeping skin calm, hydrated, and irritation-free.</p>	430	50ml	photo/products/WhatsApp_Image_2025-09-26_at_08.28.25_0ab0d95c.jpg	8	t	t	f	2025-10-12 14:13:28.588417+00	2025-10-13 06:33:29.234654+00	f	t	Distilled Water, Vegetable Glycerin,\r\nMacadamia Ternifolia Seed Oil, Argania Spinosa\r\nKernel Oil, Cetearyl Alcohol (and) Cetearyl\r\nGlucoside, Panthenol (Pro-Vitamin (B5), Hydrolyzed\r\nRice Protein, Hydrolyzed Wheat Protein, Panax\r\nGinseng Root Extract, Benzyl alcohol, Salicylic\r\nacid, glycerin, Sorbic Acid, Cedrus Atlantica Wood Oil,\r\nPogostemon Cablin Leaf Oil, Cupressus Sempervirons\r\nLeaf Oil, Santalum Album (Sandalwood) Oil, Sodium\r\nPhytate	Our products are thoughtfully packed in glass jars. To ensure safe delivery, each jar is wrapped in a protective honeycomb paper net (a recyclable alternative to plastic bubble wrap). This way, your products stay safe while keeping our packaging sustainable and planet-friendly.	Begin with clean, dry\r\nunderarms. Shake the bottle thoroughly\r\nto ensure all ingredients are well mixed.\r\nGently roll the applicator several times\r\nover each underarm for even coverage.\r\nFor a refreshing scent, you may also\r\napply it to pulse points such as the wrists,\r\ncollarbones, shoulders, and neck.\r\nReapply as desired throughout the day\r\nfor lasting freshness.	3	<ul><li>Provides long-lasting freshness with a rich, woody scent</li><li>Nourishes and protects underarm skin with Macadamia Nut Oil</li><li>Fights odor-causing bacteria naturally without harsh chemicals</li><li>Calms irritation and hydrates skin, even after shaving</li><li>Keeps you confident and refreshed all day with gentle, skin-friendly ingredients</li></ul>
8	Walnut Face Scrub	walnut-face-scrub	<p>Reveal soft, radiant skin with our <i>Walnut Scrub</i>, a gentle exfoliating and nourishing blend of Walnut Shell Powder, Mango Butter, and Ginseng Extract. It removes dead skin cells, unclogs pores, and restores hydration while Wheat Protein strengthens and smooths the skin. Suitable for both face and body, it leaves your skin refreshed, supple, and glowing.</p>	550	100gms	photo/products/WhatsApp_Image_2025-09-23_at_22.51.50_4f95995c.jpg	9	t	t	f	2025-10-12 14:33:25.417367+00	2025-10-13 06:33:50.45116+00	f	t	Distilled Water,\r\nMangifera Indica (mango) Seed\r\nButter, Simmondsia Chinensis Seed\r\nOil, Argania pinosa kernel Oil,\r\nCeteary Alcohol (and) Cetearyl\r\nGlucoside, Vegetable Glycerin,\r\nCetyl Alcohol, Panthenol (ProVitamin 85), Hydrolyzed Wheat\r\nProtein, Juglans\r\nRegia(Walnut) Shell Powder,\r\nPanax Ginseng Root Extract,\r\nBenzyl Alcohol, Salicylic Acid,\r\nGlycerin, Sorbic Acid, Cananga\r\nOdorata Flower (Ylang-Ylang) Oil,\r\nSodium Phytate	Our products are thoughtfully packed in glass jars. To ensure safe delivery, each jar is wrapped in a protective honeycomb paper net (a recyclable alternative to plastic bubble wrap). This way, your products stay safe while keeping our packaging sustainable and planet-friendly.	Before using the scrub,\r\nwash your face with a gentle cleanser\r\nto remove any dirt, makeup, or excess\r\noil. Take a small amount of our scrub\r\nonto your fingertips. Apply the scrub\r\nto your face, using gentle, circular\r\nmotions to exfoliate the skin. Avoid\r\nharsh scrubbing, especially around\r\nthe delicate eye area. Concentrate on\r\nareas like your forehead, nose, and\r\nchin, which may have more texture or\r\nclogged pores. Leave it on your face\r\nfor 5 mins. Wash off the scrub\r\ncompletely with cold or lukewarm\r\nwater.	1	<ul><li>Gently exfoliates and removes dull, dead skin cells</li><li>Deeply hydrates and nourishes with natural butters and oils</li><li>Boosts circulation and radiance with Ginseng Extract</li><li>Refines texture and restores skins natural glow</li><li>Leaves skin smooth, soft, and refreshed without irritation</li></ul>
14	Bathelicious Hydration & Renewal Combo	bathelicious-hydration-renewal-combo	<p>Nourish and rejuvenate your skin around the clock with the <i>Bathelicious Hydration &amp; Renewal Combo</i>. The <strong>Body Milk Lotion</strong> provides long-lasting hydration and softness during the day, while the <strong>Skin Revitalize Night Cream</strong> restores, firms, and repairs your skin overnight. Together, they leave your skin smooth, supple, and glowing from morning to night.</p>	990	200ml & 50gms	photo/products/WhatsApp_Image_2025-09-27_at_15.02.59_94487a72.jpg	9	t	f	f	2025-10-12 15:43:01.667543+00	2025-10-13 06:34:33.460125+00	t	f	Distilled Water, Vegetable Glycerin,\r\nMacadamia Ternifolia Seed Oil,\r\nArgania Spinosa Kernel Oil, Cetearyl\r\nAlcohol (and) Cetearyl Glucoside,\r\nPanthenol (Pro-Vitamin (B5),\r\nHydrolyzed Rice Protein, Hydrolyzed\r\nWheat Protein, Panax Ginseng Root\r\nExtract, Benzyl alcohol, Salicylic Acid,\r\nGlycerin, Sorbic Acid. Pelargonium\r\nGraveolens (Geranium) Oil, Lavandula\r\nAngustifolia (Lavender) Oil, Sodium\r\nPhytate\r\n\r\nDistilled water, Olive Squalene,\r\nBrassica Oleracea Italica (Broccoli) SeedOil,\r\nPsoralea Corylifolia Seed Oil, CeramideNP,\r\nCetearyl Alcohol (and) Cetearyl Glucoside,\r\nCetyl Alcohol, Vegetable Glycerin, Panthenol\r\n( provitamin (B5), Hydrolyzed Milk Protein,\r\nHydrolyzed Wheat Protein, Centella Asiatica\r\nExtract, Benzyl Alcohol, Salicylic acid,\r\nGlycerin, Sorbic Acid, Pelargonium\r\nGraveolens (Geranium) Oil, Sodium Phytate	Our products come in eco-friendly aluminium containers that are durable and reusable, helping reduce single-use waste. Each item is carefully wrapped in a protective paper mesh sleeve (often called honeycomb paper wrap), ensuring safe delivery while being 100% recyclable and sustainable.	Morning: Apply the Body Milk Lotion generously after bath on clean, dry skin. Massage until fully absorbed for lasting hydration and softness.\r\nNight: After cleansing your face, apply a small amount of Skin Revitalize Night Cream evenly. Gently massage in upward strokes to allow overnight repair and rejuvenation.	3	<ul><li>Deeply hydrates and restores skins natural elasticity</li><li>Firms, smooths, and reduces signs of aging overnight</li><li>Strengthens the skin barrier with Rice, Wheat &amp; Milk Proteins</li><li>Keeps skin soft, radiant, and protected all day long</li><li>Calms irritation and promotes youthful, healthy-looking skin</li></ul>
4	Skin Revitalise Night Cream	skin-revitalise-night-cream	<p>Wake up to youthful, radiant skin with our <i>Skin Revitalize Night Cream</i>. Enriched with Bakuchiol Oil, Ceramide Complex, and Milk Protein, it deeply nourishes, firms, and repairs the skin overnight. This gentle, non-greasy formula restores elasticity, smooths fine lines, and strengthens the skin barrier for a plump, refreshed morning glow.</p>	585	50gms	photo/products/WhatsApp_Image_2025-09-27_at_16.09.26_5c18d2af.jpg	9	t	f	t	2025-10-12 08:40:54.516701+00	2025-10-13 06:33:01.084151+00	f	f	Distilledwater,OliveSqualene,\r\nBrassicaOleraceaItalica(Broccoli)SeedOil,\r\nPsoraleaCorylifoliaSeedOil,CeramideNP,\r\nCetearylAlcohol(and)CetearylGlucoside,\r\nCetylAlcohol,VegetableGlycerin,Panthenol\r\n(provitamin(B5),HydrolyzedMilkProtein,\r\nHydrolyzedWheatProtein,CentellaAsiatica\r\nExtract,BenzylAlcohol,Salicylicacid,\r\nGlycerin,SorbicAcid,Pelargonium\r\nGraveolens(Geranium)Oil,SodiumPhytate	Our products are thoughtfully packed in frosted glass jars. To ensure safe delivery, each jar is wrapped in a protective honeycomb paper net (a recyclable alternative to plastic bubble wrap). This way, your products stay safe while keeping our packaging sustainable and planet-friendly.	Applyasmallamounttocleansedfaceand\r\nneckeverynightbeforebedtime.Gently\r\nmassageinupwardstrokesuntilfully\r\nabsorbed.Whileprimarilyformulatedfor\r\nnighttimerenewal,itcanalsobeused\r\nduringthedayundersunscreenfor\r\nenhancedanti-ageingsupport.Suitable\r\nforallskintypes,includingsensitiveand\r\nmatureskin.	1	<ul><li>Deeply nourishes and repairs skin overnight</li><li>Reduces fine lines, wrinkles, and signs of aging naturally</li><li>Restores firmness and boosts hydration with Ceramide Complex</li><li>Soothes, smooths, and strengthens the skin barrier</li><li>Reveals softer, plumper, and youthful-looking skin by morning</li></ul>
9	Hair Strengthening Shampoo Bar	hair-strengthening-shampoo-bar	<p>Strengthen and rejuvenate your hair with our <i>Hair Strengthening Shampoo Bar</i>, crafted with Blackseed Oil, Rosemary Oil, Hibiscus Extract, and Rice Protein. It gently cleanses while nourishing the scalp, promoting thicker, healthier hair growth. This eco-friendly bar leaves hair soft, strong, and balanced without stripping natural oils.</p>	390	80gms	photo/products/WhatsApp_Image_2025-09-25_at_08.33.03_af9294c4.jpg	9	t	f	f	2025-10-12 14:44:51.043702+00	2025-10-13 06:34:03.131182+00	f	f	: Sodium Cocoyl lsethionate, Sodium Lauryl\r\nSulfoacetate, Cocamidopropyl Betaine, Cetyl Alcohol,\r\nBehentrimonium Methosulfate, Nigella Sativa (black cumin)\r\nSeed Oil, Linum Usitatissimum Seed Oil, Cucurbita Pepo\r\n(Pumpkin) Seed Oil, Hydrolyzed Rice Protein, Hydrolyzed\r\nWheat Protein, Eclipta Prostrata Extract, Hibiscus Sabdariff a\r\nFlower Extract, Benzyl alcohol, Salicylic Acid, Glycerin, Sorbic\r\nAcid Rosmarinus Offi cinalis (Rosemary) Leaf Oil,\r\nPolyquaternium-7	Our products come in eco-friendly aluminium containers that are durable and reusable, helping reduce single-use waste. Each item is carefully wrapped in a protective paper mesh sleeve (often called honeycomb paper wrap), ensuring safe delivery while being 100% recyclable and sustainable.	Wet your hair thoroughly and rub the shampoo bar\r\nbetween your hands to create a rich, creamy lather. Apply the lather\r\nevenly onto your scalp and hair, massaging gently in circular\r\nmotions. Rinse thoroughly and repeat if needed. To prolong the life\r\nof the bar, store it in a dry place after each use. Apply hair\r\nconditioner if needed, it totally depends on your hair texture.	2	<ul><li>Strengthens roots and reduces hair fall naturally</li><li>Nourishes and hydrates without drying the scalp</li><li>Adds shine, softness, and manageability to hair</li><li>Improves elasticity and reduces breakage with Rice Protein</li><li>Promotes healthy, fuller hair with every wash</li></ul>
5	Hair Conditioner	hair-conditioner	<p>Revive and smooth your hair with our <i>Nourishing Hair Conditioner</i>, enriched with Argan, Flaxseed, and Mango Butter. This plant-based formula deeply hydrates, strengthens, and repairs damaged strands while Rice and Wheat Proteins reduce breakage and enhance shine. Infused with Hibiscus and Bhringraj Extracts, it leaves your hair soft, frizz-free, and beautifully manageable.</p>	550	200ml	photo/products/WhatsApp_Image_2025-09-24_at_22.11.22_936a98a9.jpg	9	t	t	f	2025-10-12 14:01:21.074256+00	2025-10-13 06:33:20.861376+00	f	f	Distilled Water, Linum\r\nUsitatissimum (Linseed) Seed Oil,\r\nArgania spinosa(argan) Kernel oil,\r\nMangifera Indica (mango) Seed Butter,\r\nBehentrimonium Methosulfate (and)\r\nCetyl Alcohol (and) Butylene Glycol,\r\nGlycerin, cocamidopropyl betaine, Cetyl\r\nAlcohol, Panthenol (Pro-Vitamin 85),\r\nHydrolyzed Rice Protein, Hydrolyzed\r\nWheat Protein, Eclipta Prostrata Extract,\r\nHibiscus Sabdariff a Flower Extract,\r\nPolyquaternium-10, Benzyl alcohol,\r\nSalicylic Acid, Glycerin, Sorbic Acid,\r\nPelargonium Graveolens (Geranium) Oil ,\r\nLavandula Angustifolia (Lavender) Oil,\r\nSodium Phytate	Our products come in eco-friendly aluminium containers that are durable and reusable, helping reduce single-use waste. Each item is carefully wrapped in a protective paper mesh sleeve (often called honeycomb paper wrap), ensuring safe delivery while being 100% recyclable and sustainable.	After shampoo rinse,\r\napply conditioner to the mid-lengths\r\nand ends of your hair, avoiding the\r\nscalp if your hair tends to get greasy.\r\nLet it sit for 5 minutes and rinse\r\nthoroughly with cool or lukewarm\r\nwater.	2	<ul><li>Deeply moisturizes and nourishes dry, damaged hair</li><li>Strengthens strands and reduces breakage with Rice &amp; Wheat Proteins</li><li>Promotes healthy hair growth with Bhringraj and Hibiscus Extracts</li><li>Adds natural shine, smoothness, and frizz control with Flaxseed and Argan Oils</li><li>Detangles easily, leaving hair soft, silky, and manageable without heaviness</li></ul>
11	Bathelicious Hair Nourishment Combo	bathelicious-hair-nourishment-combo	<p>Pamper your hair with the <i>Bathelicious Hair Nourishment Combo</i>, featuring the <strong>Coconut Milk Nourishing Shampoo</strong> and <strong>Multiprotein Hair Conditioner</strong>. This perfect duo gently cleanses, deeply hydrates, and strengthens from root to tip. Enriched with Coconut Milk, Blackseed Oil, Hibiscus Extract, and Rice &amp; Wheat Proteins, it restores shine, smoothness, and vitalityleaving your hair soft, frizz-free, and healthy every day.</p>	930	200ml	photo/products/WhatsApp_Image_2025-09-27_at_14.36.19_05a3bfd5.jpg	8	t	f	f	2025-10-12 15:15:15.335029+00	2025-10-25 08:07:04.022287+00	t	f	Distilled Water,\r\nSodium Cocoyl Isethionate,\r\nCocamidopropyl Betaine,\r\nSodium Lauryl Sulfoacetate,\r\nCocos Nucifera Fruit Powder,\r\nGlyceryl Mono Stearate SE,\r\nVegetable Glycerin, Nigella\r\nSativa (black cumin) Seed Oil,\r\nPanthenol (Pro-Vitamin B5),\r\nHydrolyzed Rice Protein,\r\nHydrolyzed Wheat Protein,\r\nEclipta Prostrata Extract,\r\nHibiscus Sabdariff a Flower\r\nExtract, Rosmarinus Offi cinalis\r\n(Rosemary) Leaf Oil,\r\nPolyquaternium-10, Benzyl\r\nAlcohol, Salicylic Acid,\r\nGlycerin, Sorbic Acid, Sodium Phytate\r\n\r\nDistilled Water, Linum\r\nUsitatissimum (Linseed) Seed Oil,\r\nArgania spinosa(argan) Kernel oil,\r\nMangifera Indica (mango) Seed Butter,\r\nBehentrimonium Methosulfate (and)\r\nCetyl Alcohol (and) Butylene Glycol,\r\nGlycerin, cocamidopropyl betaine, Cetyl\r\nAlcohol, Panthenol (Pro-Vitamin 85),\r\nHydrolyzed Rice Protein, Hydrolyzed\r\nWheat Protein, Eclipta Prostrata Extract,\r\nHibiscus Sabdariff a Flower Extract,\r\nPolyquaternium-10, Benzyl alcohol,\r\nSalicylic Acid, Glycerin, Sorbic Acid,\r\nPelargonium Graveolens (Geranium) Oil ,\r\nLavandula Angustifolia (Lavender) Oil,\r\nSodium Phytate	Our products come in eco-friendly aluminium containers that are durable and reusable, helping reduce single-use waste. Each item is carefully wrapped in a protective paper mesh sleeve (often called honeycomb paper wrap), ensuring safe delivery while being 100% recyclable and sustainable.	Wet your hair thoroughly and massage the Coconut Milk Nourishing Shampoo into the scalp to create a rich lather.\r\nRinse well and follow with the Multiprotein Hair Conditioner, applying from mid-lengths to ends.\r\nLeave it on for 23 minutes, then rinse thoroughly for soft, smooth, and nourished hair.	2	<ul><li>Deeply hydrates and nourishes dry or damaged hair</li><li>Strengthens strands and reduces breakage with Rice &amp; Wheat Proteins</li><li>Promotes healthy growth and reduces hair fall with Hibiscus &amp; Bhringraj Extracts</li><li>Adds natural shine and smoothness while controlling frizz</li><li>Balances scalp health and restores elasticity with Coconut Milk &amp; Argan Oil</li></ul>
13	Bathelicious Herbal Care Combo	bathelicious-herbal-care-combo	<p>Revitalize your skin and hair with the <i>Bathelicious Herbal Care Combo</i>, featuring the <strong>Herbal Ubtan Bathing Bar</strong> and <strong>Hair Strengthening Shampoo Bar</strong>. Infused with ancient herbs, natural butters, and plant proteins, this duo gently cleanses, nourishes, and restores balance from head to toe. Experience smoother skin and stronger, shinier hair with every use  a pure, sulfate-free, and eco-friendly ritual.</p>	670	80gms	photo/products/WhatsApp_Image_2025-09-27_at_14.48.29_2a662573.jpg	8	t	f	f	2025-10-12 15:33:04.497694+00	2025-10-25 08:07:04.033736+00	t	f	Sodium Cocoyl Isethionate, Sodium Lauryl\r\nSulfoacetate, Cocamidopropyl Betaine, Avena Sativa Kernel\r\nExtract (Oat), Stearic Acid, Cetyl Alcohol, Mangifera Indica\r\n(mango) Seed Butter, Theobroma Cacao Seed Butter), Argania\r\nspinosa kernel oil (Argan oil), Hydrolyzed Rice Protein,\r\nHydrolyzed Wheat Protein, Salix Alba Bark Extract, Benzyl\r\nalcohol, Salicylic Acid, Glycerin, Sorbic Acid, Citrus\r\nAurantium Amara Flower Oil, Citrus Aurantium Dulcis\r\n(orange) Peel Oil\r\n\r\n\r\nSodium Cocoyl lsethionate, Sodium Lauryl\r\nSulfoacetate, Cocamidopropyl Betaine, Cetyl Alcohol,\r\nBehentrimonium Methosulfate, Nigella Sativa (black cumin)\r\nSeed Oil, Linum Usitatissimum Seed Oil, Cucurbita Pepo\r\n(Pumpkin) Seed Oil, Hydrolyzed Rice Protein, Hydrolyzed\r\nWheat Protein, Eclipta Prostrata Extract, Hibiscus Sabdariff a\r\nFlower Extract, Benzyl alcohol, Salicylic Acid, Glycerin, Sorbic\r\nAcid Rosmarinus Offi cinalis (Rosemary) Leaf Oil,\r\nPolyquaternium-7	Our products come in eco-friendly aluminium containers that are durable and reusable, helping reduce single-use waste. Each item is carefully wrapped in a protective paper mesh sleeve (often called honeycomb paper wrap), ensuring safe delivery while being 100% recyclable and sustainable.	Lather the Ubtan Bathing Bar gently over wet skin and rinse for refreshed, nourished glow.\r\nFor hair, rub the Shampoo Bar between wet hands or directly on hair to create lather, then massage into scalp.\r\nRinse thoroughly for soft, healthy skin and stronger, shinier hair.	3	<ul><li>Gently cleanses while retaining natural moisture of skin and scalp</li><li>Strengthens hair roots and reduces breakage with Rice &amp; Wheat Proteins</li><li>Enriched with traditional herbs like Neem, Turmeric &amp; Hibiscus for deep rejuvenation</li><li>Hydrates, softens, and smoothens skin and hair naturally</li><li>Promotes a refreshed, radiant, and healthy glow from top to toe</li></ul>
\.


--
-- Data for Name: store_productgallery; Type: TABLE DATA; Schema: public; Owner: postgres
--

COPY public.store_productgallery (id, image, product_id) FROM stdin;
1	store/products/WhatsApp_Image_2025-09-24_at_08.27.03_9ab3fc79.jpg	1
2	store/products/WhatsApp_Image_2025-09-24_at_09.07.29_0ac14d08.jpg	1
3	store/products/WhatsApp_Image_2025-09-25_at_22.35.48_d579b370.jpg	2
4	store/products/WhatsApp_Image_2025-09-25_at_08.38.53_6b724c4d.jpg	2
5	store/products/WhatsApp_Image_2025-09-26_at_09.15.33_bf18a016.jpg	3
6	store/products/WhatsApp_Image_2025-09-26_at_18.47.32_2f69b634.jpg	3
7	store/products/WhatsApp_Image_2025-09-27_at_15.43.56_7d950199.jpg	4
8	store/products/WhatsApp_Image_2025-09-27_at_15.48.08_4b48a68a.jpg	4
9	store/products/WhatsApp_Image_2025-09-23_at_17.40.25_11b6ec47.jpg	5
10	store/products/HC1.jpg	5
11	store/products/WhatsApp_Image_2025-09-26_at_09.53.22_4649e36b.jpg	6
12	store/products/WhatsApp_Image_2025-09-26_at_08.36.02_7b4fdf9c.jpg	6
13	store/products/WhatsApp_Image_2025-09-24_at_09.33.39_25e8f476.jpg	7
14	store/products/WhatsApp_Image_2025-09-24_at_09.23.54_20be86a6.jpg	7
15	store/products/WhatsApp_Image_2025-09-26_at_18.58.25_66c9a9d4.jpg	7
16	store/products/WhatsApp_Image_2025-09-23_at_22.49.07_1251d859.jpg	8
17	store/products/WhatsApp_Image_2025-09-23_at_23.01.48_e1beb366.jpg	8
18	store/products/WhatsApp_Image_2025-09-24_at_08.53.39_9b00b1c7.jpg	9
19	store/products/WhatsApp_Image_2025-09-24_at_08.53.38_22ebc5c0.jpg	9
20	store/products/WhatsApp_Image_2025-09-26_at_19.11.19_17163bcf.jpg	9
21	store/products/WhatsApp_Image_2025-09-23_at_19.43.26_9b1fbbc0.jpg	10
22	store/products/WhatsApp_Image_2025-09-26_at_08.21.30_87750425.jpg	10
23	store/products/WhatsApp_Image_2025-09-25_at_08.32.13_307b14b6.jpg	5
24	store/products/WhatsApp_Image_2025-09-26_at_09.53.22_4649e36b_FPBrwly.jpg	12
25	store/products/WhatsApp_Image_2025-09-26_at_08.12.01_1f95e3a8.jpg	12
26	store/products/WhatsApp_Image_2025-09-24_at_09.33.39_25e8f476_f6qQmsU.jpg	13
27	store/products/WhatsApp_Image_2025-09-24_at_08.53.39_9b00b1c7_ZQ70XR8.jpg	13
28	store/products/WhatsApp_Image_2025-09-26_at_09.15.33_bf18a016_jLv4JIF.jpg	14
29	store/products/WhatsApp_Image_2025-09-27_at_15.43.56_7d950199_VxNiMx3.jpg	14
\.


--
-- Data for Name: store_reviewrating; Type: TABLE DATA; Schema: public; Owner: postgres
--

COPY public.store_reviewrating (id, subject, review, rating, ip, status, created_at, updated_at, product_id, user_id) FROM stdin;
\.


--
-- Data for Name: store_smallbanner; Type: TABLE DATA; Schema: public; Owner: postgres
--

COPY public.store_smallbanner (id, video, is_active) FROM stdin;
1	small_banners/banner.mp4	t
\.


--
-- Data for Name: store_variation; Type: TABLE DATA; Schema: public; Owner: postgres
--

COPY public.store_variation (id, variation_category, variation_value, is_active, created_date, product_id) FROM stdin;
\.


--
-- Data for Name: store_wishlist; Type: TABLE DATA; Schema: public; Owner: postgres
--

COPY public.store_wishlist (id, added_at, product_id, user_id) FROM stdin;
\.


--
-- Name: accounts_account_groups_id_seq; Type: SEQUENCE SET; Schema: public; Owner: postgres
--

SELECT pg_catalog.setval('public.accounts_account_groups_id_seq', 1, false);


--
-- Name: accounts_account_id_seq; Type: SEQUENCE SET; Schema: public; Owner: postgres
--

SELECT pg_catalog.setval('public.accounts_account_id_seq', 5, true);


--
-- Name: accounts_account_user_permissions_id_seq; Type: SEQUENCE SET; Schema: public; Owner: postgres
--

SELECT pg_catalog.setval('public.accounts_account_user_permissions_id_seq', 1, false);


--
-- Name: accounts_pointsledger_id_seq; Type: SEQUENCE SET; Schema: public; Owner: postgres
--

SELECT pg_catalog.setval('public.accounts_pointsledger_id_seq', 1, false);


--
-- Name: accounts_pointswallet_id_seq; Type: SEQUENCE SET; Schema: public; Owner: postgres
--

SELECT pg_catalog.setval('public.accounts_pointswallet_id_seq', 5, true);


--
-- Name: accounts_userprofile_id_seq; Type: SEQUENCE SET; Schema: public; Owner: postgres
--

SELECT pg_catalog.setval('public.accounts_userprofile_id_seq', 4, true);


--
-- Name: auth_group_id_seq; Type: SEQUENCE SET; Schema: public; Owner: postgres
--

SELECT pg_catalog.setval('public.auth_group_id_seq', 1, false);


--
-- Name: auth_group_permissions_id_seq; Type: SEQUENCE SET; Schema: public; Owner: postgres
--

SELECT pg_catalog.setval('public.auth_group_permissions_id_seq', 1, false);


--
-- Name: auth_permission_id_seq; Type: SEQUENCE SET; Schema: public; Owner: postgres
--

SELECT pg_catalog.setval('public.auth_permission_id_seq', 96, true);


--
-- Name: banners_banner_id_seq; Type: SEQUENCE SET; Schema: public; Owner: postgres
--

SELECT pg_catalog.setval('public.banners_banner_id_seq', 1, true);


--
-- Name: carts_cart_id_seq; Type: SEQUENCE SET; Schema: public; Owner: postgres
--

SELECT pg_catalog.setval('public.carts_cart_id_seq', 39, true);


--
-- Name: carts_cartitem_id_seq; Type: SEQUENCE SET; Schema: public; Owner: postgres
--

SELECT pg_catalog.setval('public.carts_cartitem_id_seq', 49, true);


--
-- Name: carts_cartitem_variations_id_seq; Type: SEQUENCE SET; Schema: public; Owner: postgres
--

SELECT pg_catalog.setval('public.carts_cartitem_variations_id_seq', 1, false);


--
-- Name: category_category_id_seq; Type: SEQUENCE SET; Schema: public; Owner: postgres
--

SELECT pg_catalog.setval('public.category_category_id_seq', 3, true);


--
-- Name: django_admin_log_id_seq; Type: SEQUENCE SET; Schema: public; Owner: postgres
--

SELECT pg_catalog.setval('public.django_admin_log_id_seq', 86, true);


--
-- Name: django_content_type_id_seq; Type: SEQUENCE SET; Schema: public; Owner: postgres
--

SELECT pg_catalog.setval('public.django_content_type_id_seq', 24, true);


--
-- Name: django_migrations_id_seq; Type: SEQUENCE SET; Schema: public; Owner: postgres
--

SELECT pg_catalog.setval('public.django_migrations_id_seq', 30, true);


--
-- Name: orders_order_id_seq; Type: SEQUENCE SET; Schema: public; Owner: postgres
--

SELECT pg_catalog.setval('public.orders_order_id_seq', 12, true);


--
-- Name: orders_orderproduct_id_seq; Type: SEQUENCE SET; Schema: public; Owner: postgres
--

SELECT pg_catalog.setval('public.orders_orderproduct_id_seq', 3, true);


--
-- Name: orders_orderproduct_variations_id_seq; Type: SEQUENCE SET; Schema: public; Owner: postgres
--

SELECT pg_catalog.setval('public.orders_orderproduct_variations_id_seq', 1, false);


--
-- Name: orders_payment_id_seq; Type: SEQUENCE SET; Schema: public; Owner: postgres
--

SELECT pg_catalog.setval('public.orders_payment_id_seq', 2, true);


--
-- Name: store_aboutsettings_id_seq; Type: SEQUENCE SET; Schema: public; Owner: postgres
--

SELECT pg_catalog.setval('public.store_aboutsettings_id_seq', 1, true);


--
-- Name: store_keyingredient_id_seq; Type: SEQUENCE SET; Schema: public; Owner: postgres
--

SELECT pg_catalog.setval('public.store_keyingredient_id_seq', 41, true);


--
-- Name: store_product_id_seq; Type: SEQUENCE SET; Schema: public; Owner: postgres
--

SELECT pg_catalog.setval('public.store_product_id_seq', 14, true);


--
-- Name: store_productgallery_id_seq; Type: SEQUENCE SET; Schema: public; Owner: postgres
--

SELECT pg_catalog.setval('public.store_productgallery_id_seq', 29, true);


--
-- Name: store_reviewrating_id_seq; Type: SEQUENCE SET; Schema: public; Owner: postgres
--

SELECT pg_catalog.setval('public.store_reviewrating_id_seq', 1, false);


--
-- Name: store_smallbanner_id_seq; Type: SEQUENCE SET; Schema: public; Owner: postgres
--

SELECT pg_catalog.setval('public.store_smallbanner_id_seq', 1, true);


--
-- Name: store_variation_id_seq; Type: SEQUENCE SET; Schema: public; Owner: postgres
--

SELECT pg_catalog.setval('public.store_variation_id_seq', 1, false);


--
-- Name: store_wishlist_id_seq; Type: SEQUENCE SET; Schema: public; Owner: postgres
--

SELECT pg_catalog.setval('public.store_wishlist_id_seq', 1, false);


--
-- Name: accounts_account accounts_account_email_key; Type: CONSTRAINT; Schema: public; Owner: postgres
--

ALTER TABLE ONLY public.accounts_account
    ADD CONSTRAINT accounts_account_email_key UNIQUE (email);


--
-- Name: accounts_account_groups accounts_account_groups_account_id_group_id_f64165b0_uniq; Type: CONSTRAINT; Schema: public; Owner: postgres
--

ALTER TABLE ONLY public.accounts_account_groups
    ADD CONSTRAINT accounts_account_groups_account_id_group_id_f64165b0_uniq UNIQUE (account_id, group_id);


--
-- Name: accounts_account_groups accounts_account_groups_pkey; Type: CONSTRAINT; Schema: public; Owner: postgres
--

ALTER TABLE ONLY public.accounts_account_groups
    ADD CONSTRAINT accounts_account_groups_pkey PRIMARY KEY (id);


--
-- Name: accounts_account accounts_account_pkey; Type: CONSTRAINT; Schema: public; Owner: postgres
--

ALTER TABLE ONLY public.accounts_account
    ADD CONSTRAINT accounts_account_pkey PRIMARY KEY (id);


--
-- Name: accounts_account_user_permissions accounts_account_user_pe_account_id_permission_id_9af93c14_uniq; Type: CONSTRAINT; Schema: public; Owner: postgres
--

ALTER TABLE ONLY public.accounts_account_user_permissions
    ADD CONSTRAINT accounts_account_user_pe_account_id_permission_id_9af93c14_uniq UNIQUE (account_id, permission_id);


--
-- Name: accounts_account_user_permissions accounts_account_user_permissions_pkey; Type: CONSTRAINT; Schema: public; Owner: postgres
--

ALTER TABLE ONLY public.accounts_account_user_permissions
    ADD CONSTRAINT accounts_account_user_permissions_pkey PRIMARY KEY (id);


--
-- Name: accounts_account accounts_account_username_key; Type: CONSTRAINT; Schema: public; Owner: postgres
--

ALTER TABLE ONLY public.accounts_account
    ADD CONSTRAINT accounts_account_username_key UNIQUE (username);


--
-- Name: accounts_pointsledger accounts_pointsledger_pkey; Type: CONSTRAINT; Schema: public; Owner: postgres
--

ALTER TABLE ONLY public.accounts_pointsledger
    ADD CONSTRAINT accounts_pointsledger_pkey PRIMARY KEY (id);


--
-- Name: accounts_pointswallet accounts_pointswallet_pkey; Type: CONSTRAINT; Schema: public; Owner: postgres
--

ALTER TABLE ONLY public.accounts_pointswallet
    ADD CONSTRAINT accounts_pointswallet_pkey PRIMARY KEY (id);


--
-- Name: accounts_pointswallet accounts_pointswallet_user_id_key; Type: CONSTRAINT; Schema: public; Owner: postgres
--

ALTER TABLE ONLY public.accounts_pointswallet
    ADD CONSTRAINT accounts_pointswallet_user_id_key UNIQUE (user_id);


--
-- Name: accounts_userprofile accounts_userprofile_pkey; Type: CONSTRAINT; Schema: public; Owner: postgres
--

ALTER TABLE ONLY public.accounts_userprofile
    ADD CONSTRAINT accounts_userprofile_pkey PRIMARY KEY (id);


--
-- Name: accounts_userprofile accounts_userprofile_user_id_key; Type: CONSTRAINT; Schema: public; Owner: postgres
--

ALTER TABLE ONLY public.accounts_userprofile
    ADD CONSTRAINT accounts_userprofile_user_id_key UNIQUE (user_id);


--
-- Name: auth_group auth_group_name_key; Type: CONSTRAINT; Schema: public; Owner: postgres
--

ALTER TABLE ONLY public.auth_group
    ADD CONSTRAINT auth_group_name_key UNIQUE (name);


--
-- Name: auth_group_permissions auth_group_permissions_group_id_permission_id_0cd325b0_uniq; Type: CONSTRAINT; Schema: public; Owner: postgres
--

ALTER TABLE ONLY public.auth_group_permissions
    ADD CONSTRAINT auth_group_permissions_group_id_permission_id_0cd325b0_uniq UNIQUE (group_id, permission_id);


--
-- Name: auth_group_permissions auth_group_permissions_pkey; Type: CONSTRAINT; Schema: public; Owner: postgres
--

ALTER TABLE ONLY public.auth_group_permissions
    ADD CONSTRAINT auth_group_permissions_pkey PRIMARY KEY (id);


--
-- Name: auth_group auth_group_pkey; Type: CONSTRAINT; Schema: public; Owner: postgres
--

ALTER TABLE ONLY public.auth_group
    ADD CONSTRAINT auth_group_pkey PRIMARY KEY (id);


--
-- Name: auth_permission auth_permission_content_type_id_codename_01ab375a_uniq; Type: CONSTRAINT; Schema: public; Owner: postgres
--

ALTER TABLE ONLY public.auth_permission
    ADD CONSTRAINT auth_permission_content_type_id_codename_01ab375a_uniq UNIQUE (content_type_id, codename);


--
-- Name: auth_permission auth_permission_pkey; Type: CONSTRAINT; Schema: public; Owner: postgres
--

ALTER TABLE ONLY public.auth_permission
    ADD CONSTRAINT auth_permission_pkey PRIMARY KEY (id);


--
-- Name: banners_banner banners_banner_pkey; Type: CONSTRAINT; Schema: public; Owner: postgres
--

ALTER TABLE ONLY public.banners_banner
    ADD CONSTRAINT banners_banner_pkey PRIMARY KEY (id);


--
-- Name: carts_cart carts_cart_pkey; Type: CONSTRAINT; Schema: public; Owner: postgres
--

ALTER TABLE ONLY public.carts_cart
    ADD CONSTRAINT carts_cart_pkey PRIMARY KEY (id);


--
-- Name: carts_cartitem carts_cartitem_pkey; Type: CONSTRAINT; Schema: public; Owner: postgres
--

ALTER TABLE ONLY public.carts_cartitem
    ADD CONSTRAINT carts_cartitem_pkey PRIMARY KEY (id);


--
-- Name: carts_cartitem_variations carts_cartitem_variation_cartitem_id_variation_id_5f8efaf5_uniq; Type: CONSTRAINT; Schema: public; Owner: postgres
--

ALTER TABLE ONLY public.carts_cartitem_variations
    ADD CONSTRAINT carts_cartitem_variation_cartitem_id_variation_id_5f8efaf5_uniq UNIQUE (cartitem_id, variation_id);


--
-- Name: carts_cartitem_variations carts_cartitem_variations_pkey; Type: CONSTRAINT; Schema: public; Owner: postgres
--

ALTER TABLE ONLY public.carts_cartitem_variations
    ADD CONSTRAINT carts_cartitem_variations_pkey PRIMARY KEY (id);


--
-- Name: category_category category_category_category_name_key; Type: CONSTRAINT; Schema: public; Owner: postgres
--

ALTER TABLE ONLY public.category_category
    ADD CONSTRAINT category_category_category_name_key UNIQUE (category_name);


--
-- Name: category_category category_category_pkey; Type: CONSTRAINT; Schema: public; Owner: postgres
--

ALTER TABLE ONLY public.category_category
    ADD CONSTRAINT category_category_pkey PRIMARY KEY (id);


--
-- Name: category_category category_category_slug_key; Type: CONSTRAINT; Schema: public; Owner: postgres
--

ALTER TABLE ONLY public.category_category
    ADD CONSTRAINT category_category_slug_key UNIQUE (slug);


--
-- Name: django_admin_log django_admin_log_pkey; Type: CONSTRAINT; Schema: public; Owner: postgres
--

ALTER TABLE ONLY public.django_admin_log
    ADD CONSTRAINT django_admin_log_pkey PRIMARY KEY (id);


--
-- Name: django_content_type django_content_type_app_label_model_76bd3d3b_uniq; Type: CONSTRAINT; Schema: public; Owner: postgres
--

ALTER TABLE ONLY public.django_content_type
    ADD CONSTRAINT django_content_type_app_label_model_76bd3d3b_uniq UNIQUE (app_label, model);


--
-- Name: django_content_type django_content_type_pkey; Type: CONSTRAINT; Schema: public; Owner: postgres
--

ALTER TABLE ONLY public.django_content_type
    ADD CONSTRAINT django_content_type_pkey PRIMARY KEY (id);


--
-- Name: django_migrations django_migrations_pkey; Type: CONSTRAINT; Schema: public; Owner: postgres
--

ALTER TABLE ONLY public.django_migrations
    ADD CONSTRAINT django_migrations_pkey PRIMARY KEY (id);


--
-- Name: django_session django_session_pkey; Type: CONSTRAINT; Schema: public; Owner: postgres
--

ALTER TABLE ONLY public.django_session
    ADD CONSTRAINT django_session_pkey PRIMARY KEY (session_key);


--
-- Name: orders_order orders_order_pkey; Type: CONSTRAINT; Schema: public; Owner: postgres
--

ALTER TABLE ONLY public.orders_order
    ADD CONSTRAINT orders_order_pkey PRIMARY KEY (id);


--
-- Name: orders_orderproduct orders_orderproduct_pkey; Type: CONSTRAINT; Schema: public; Owner: postgres
--

ALTER TABLE ONLY public.orders_orderproduct
    ADD CONSTRAINT orders_orderproduct_pkey PRIMARY KEY (id);


--
-- Name: orders_orderproduct_variations orders_orderproduct_vari_orderproduct_id_variatio_8c028ee7_uniq; Type: CONSTRAINT; Schema: public; Owner: postgres
--

ALTER TABLE ONLY public.orders_orderproduct_variations
    ADD CONSTRAINT orders_orderproduct_vari_orderproduct_id_variatio_8c028ee7_uniq UNIQUE (orderproduct_id, variation_id);


--
-- Name: orders_orderproduct_variations orders_orderproduct_variations_pkey; Type: CONSTRAINT; Schema: public; Owner: postgres
--

ALTER TABLE ONLY public.orders_orderproduct_variations
    ADD CONSTRAINT orders_orderproduct_variations_pkey PRIMARY KEY (id);


--
-- Name: orders_payment orders_payment_pkey; Type: CONSTRAINT; Schema: public; Owner: postgres
--

ALTER TABLE ONLY public.orders_payment
    ADD CONSTRAINT orders_payment_pkey PRIMARY KEY (id);


--
-- Name: store_aboutsettings store_aboutsettings_pkey; Type: CONSTRAINT; Schema: public; Owner: postgres
--

ALTER TABLE ONLY public.store_aboutsettings
    ADD CONSTRAINT store_aboutsettings_pkey PRIMARY KEY (id);


--
-- Name: store_keyingredient store_keyingredient_pkey; Type: CONSTRAINT; Schema: public; Owner: postgres
--

ALTER TABLE ONLY public.store_keyingredient
    ADD CONSTRAINT store_keyingredient_pkey PRIMARY KEY (id);


--
-- Name: store_product store_product_pkey; Type: CONSTRAINT; Schema: public; Owner: postgres
--

ALTER TABLE ONLY public.store_product
    ADD CONSTRAINT store_product_pkey PRIMARY KEY (id);


--
-- Name: store_product store_product_product_name_key; Type: CONSTRAINT; Schema: public; Owner: postgres
--

ALTER TABLE ONLY public.store_product
    ADD CONSTRAINT store_product_product_name_key UNIQUE (product_name);


--
-- Name: store_product store_product_slug_key; Type: CONSTRAINT; Schema: public; Owner: postgres
--

ALTER TABLE ONLY public.store_product
    ADD CONSTRAINT store_product_slug_key UNIQUE (slug);


--
-- Name: store_productgallery store_productgallery_pkey; Type: CONSTRAINT; Schema: public; Owner: postgres
--

ALTER TABLE ONLY public.store_productgallery
    ADD CONSTRAINT store_productgallery_pkey PRIMARY KEY (id);


--
-- Name: store_reviewrating store_reviewrating_pkey; Type: CONSTRAINT; Schema: public; Owner: postgres
--

ALTER TABLE ONLY public.store_reviewrating
    ADD CONSTRAINT store_reviewrating_pkey PRIMARY KEY (id);


--
-- Name: store_smallbanner store_smallbanner_pkey; Type: CONSTRAINT; Schema: public; Owner: postgres
--

ALTER TABLE ONLY public.store_smallbanner
    ADD CONSTRAINT store_smallbanner_pkey PRIMARY KEY (id);


--
-- Name: store_variation store_variation_pkey; Type: CONSTRAINT; Schema: public; Owner: postgres
--

ALTER TABLE ONLY public.store_variation
    ADD CONSTRAINT store_variation_pkey PRIMARY KEY (id);


--
-- Name: store_wishlist store_wishlist_pkey; Type: CONSTRAINT; Schema: public; Owner: postgres
--

ALTER TABLE ONLY public.store_wishlist
    ADD CONSTRAINT store_wishlist_pkey PRIMARY KEY (id);


--
-- Name: store_wishlist store_wishlist_user_id_product_id_bcc1ac25_uniq; Type: CONSTRAINT; Schema: public; Owner: postgres
--

ALTER TABLE ONLY public.store_wishlist
    ADD CONSTRAINT store_wishlist_user_id_product_id_bcc1ac25_uniq UNIQUE (user_id, product_id);


--
-- Name: accounts_account_email_348850e2_like; Type: INDEX; Schema: public; Owner: postgres
--

CREATE INDEX accounts_account_email_348850e2_like ON public.accounts_account USING btree (email varchar_pattern_ops);


--
-- Name: accounts_account_groups_account_id_52f14852; Type: INDEX; Schema: public; Owner: postgres
--

CREATE INDEX accounts_account_groups_account_id_52f14852 ON public.accounts_account_groups USING btree (account_id);


--
-- Name: accounts_account_groups_group_id_7c6a6bd1; Type: INDEX; Schema: public; Owner: postgres
--

CREATE INDEX accounts_account_groups_group_id_7c6a6bd1 ON public.accounts_account_groups USING btree (group_id);


--
-- Name: accounts_account_user_permissions_account_id_816f9bde; Type: INDEX; Schema: public; Owner: postgres
--

CREATE INDEX accounts_account_user_permissions_account_id_816f9bde ON public.accounts_account_user_permissions USING btree (account_id);


--
-- Name: accounts_account_user_permissions_permission_id_24620205; Type: INDEX; Schema: public; Owner: postgres
--

CREATE INDEX accounts_account_user_permissions_permission_id_24620205 ON public.accounts_account_user_permissions USING btree (permission_id);


--
-- Name: accounts_account_username_b5f69a28_like; Type: INDEX; Schema: public; Owner: postgres
--

CREATE INDEX accounts_account_username_b5f69a28_like ON public.accounts_account USING btree (username varchar_pattern_ops);


--
-- Name: accounts_pointsledger_user_id_4985f2c5; Type: INDEX; Schema: public; Owner: postgres
--

CREATE INDEX accounts_pointsledger_user_id_4985f2c5 ON public.accounts_pointsledger USING btree (user_id);


--
-- Name: auth_group_name_a6ea08ec_like; Type: INDEX; Schema: public; Owner: postgres
--

CREATE INDEX auth_group_name_a6ea08ec_like ON public.auth_group USING btree (name varchar_pattern_ops);


--
-- Name: auth_group_permissions_group_id_b120cbf9; Type: INDEX; Schema: public; Owner: postgres
--

CREATE INDEX auth_group_permissions_group_id_b120cbf9 ON public.auth_group_permissions USING btree (group_id);


--
-- Name: auth_group_permissions_permission_id_84c5c92e; Type: INDEX; Schema: public; Owner: postgres
--

CREATE INDEX auth_group_permissions_permission_id_84c5c92e ON public.auth_group_permissions USING btree (permission_id);


--
-- Name: auth_permission_content_type_id_2f476e4b; Type: INDEX; Schema: public; Owner: postgres
--

CREATE INDEX auth_permission_content_type_id_2f476e4b ON public.auth_permission USING btree (content_type_id);


--
-- Name: carts_cartitem_cart_id_9cb0a756; Type: INDEX; Schema: public; Owner: postgres
--

CREATE INDEX carts_cartitem_cart_id_9cb0a756 ON public.carts_cartitem USING btree (cart_id);


--
-- Name: carts_cartitem_product_id_acd010e4; Type: INDEX; Schema: public; Owner: postgres
--

CREATE INDEX carts_cartitem_product_id_acd010e4 ON public.carts_cartitem USING btree (product_id);


--
-- Name: carts_cartitem_user_id_4d21e0d9; Type: INDEX; Schema: public; Owner: postgres
--

CREATE INDEX carts_cartitem_user_id_4d21e0d9 ON public.carts_cartitem USING btree (user_id);


--
-- Name: carts_cartitem_variations_cartitem_id_8be23372; Type: INDEX; Schema: public; Owner: postgres
--

CREATE INDEX carts_cartitem_variations_cartitem_id_8be23372 ON public.carts_cartitem_variations USING btree (cartitem_id);


--
-- Name: carts_cartitem_variations_variation_id_ef9f9ee3; Type: INDEX; Schema: public; Owner: postgres
--

CREATE INDEX carts_cartitem_variations_variation_id_ef9f9ee3 ON public.carts_cartitem_variations USING btree (variation_id);


--
-- Name: category_category_category_name_1aa3ee61_like; Type: INDEX; Schema: public; Owner: postgres
--

CREATE INDEX category_category_category_name_1aa3ee61_like ON public.category_category USING btree (category_name varchar_pattern_ops);


--
-- Name: category_category_slug_4f83d5f6_like; Type: INDEX; Schema: public; Owner: postgres
--

CREATE INDEX category_category_slug_4f83d5f6_like ON public.category_category USING btree (slug varchar_pattern_ops);


--
-- Name: django_admin_log_content_type_id_c4bce8eb; Type: INDEX; Schema: public; Owner: postgres
--

CREATE INDEX django_admin_log_content_type_id_c4bce8eb ON public.django_admin_log USING btree (content_type_id);


--
-- Name: django_admin_log_user_id_c564eba6; Type: INDEX; Schema: public; Owner: postgres
--

CREATE INDEX django_admin_log_user_id_c564eba6 ON public.django_admin_log USING btree (user_id);


--
-- Name: django_session_expire_date_a5c62663; Type: INDEX; Schema: public; Owner: postgres
--

CREATE INDEX django_session_expire_date_a5c62663 ON public.django_session USING btree (expire_date);


--
-- Name: django_session_session_key_c0390e0f_like; Type: INDEX; Schema: public; Owner: postgres
--

CREATE INDEX django_session_session_key_c0390e0f_like ON public.django_session USING btree (session_key varchar_pattern_ops);


--
-- Name: orders_order_payment_id_46928ccc; Type: INDEX; Schema: public; Owner: postgres
--

CREATE INDEX orders_order_payment_id_46928ccc ON public.orders_order USING btree (payment_id);


--
-- Name: orders_order_user_id_e9b59eb1; Type: INDEX; Schema: public; Owner: postgres
--

CREATE INDEX orders_order_user_id_e9b59eb1 ON public.orders_order USING btree (user_id);


--
-- Name: orders_orderproduct_order_id_5022a3e2; Type: INDEX; Schema: public; Owner: postgres
--

CREATE INDEX orders_orderproduct_order_id_5022a3e2 ON public.orders_orderproduct USING btree (order_id);


--
-- Name: orders_orderproduct_payment_id_492ed997; Type: INDEX; Schema: public; Owner: postgres
--

CREATE INDEX orders_orderproduct_payment_id_492ed997 ON public.orders_orderproduct USING btree (payment_id);


--
-- Name: orders_orderproduct_product_id_4d6ac024; Type: INDEX; Schema: public; Owner: postgres
--

CREATE INDEX orders_orderproduct_product_id_4d6ac024 ON public.orders_orderproduct USING btree (product_id);


--
-- Name: orders_orderproduct_user_id_1e7a7ab7; Type: INDEX; Schema: public; Owner: postgres
--

CREATE INDEX orders_orderproduct_user_id_1e7a7ab7 ON public.orders_orderproduct USING btree (user_id);


--
-- Name: orders_orderproduct_variations_orderproduct_id_0f116a3b; Type: INDEX; Schema: public; Owner: postgres
--

CREATE INDEX orders_orderproduct_variations_orderproduct_id_0f116a3b ON public.orders_orderproduct_variations USING btree (orderproduct_id);


--
-- Name: orders_orderproduct_variations_variation_id_5dfd0e51; Type: INDEX; Schema: public; Owner: postgres
--

CREATE INDEX orders_orderproduct_variations_variation_id_5dfd0e51 ON public.orders_orderproduct_variations USING btree (variation_id);


--
-- Name: orders_payment_user_id_cfa9f321; Type: INDEX; Schema: public; Owner: postgres
--

CREATE INDEX orders_payment_user_id_cfa9f321 ON public.orders_payment USING btree (user_id);


--
-- Name: store_keyingredient_product_id_c30dd57e; Type: INDEX; Schema: public; Owner: postgres
--

CREATE INDEX store_keyingredient_product_id_c30dd57e ON public.store_keyingredient USING btree (product_id);


--
-- Name: store_product_category_id_574bae65; Type: INDEX; Schema: public; Owner: postgres
--

CREATE INDEX store_product_category_id_574bae65 ON public.store_product USING btree (category_id);


--
-- Name: store_product_product_name_9d4b879d_like; Type: INDEX; Schema: public; Owner: postgres
--

CREATE INDEX store_product_product_name_9d4b879d_like ON public.store_product USING btree (product_name varchar_pattern_ops);


--
-- Name: store_product_slug_6de8ee4b_like; Type: INDEX; Schema: public; Owner: postgres
--

CREATE INDEX store_product_slug_6de8ee4b_like ON public.store_product USING btree (slug varchar_pattern_ops);


--
-- Name: store_productgallery_product_id_f2821a49; Type: INDEX; Schema: public; Owner: postgres
--

CREATE INDEX store_productgallery_product_id_f2821a49 ON public.store_productgallery USING btree (product_id);


--
-- Name: store_reviewrating_product_id_2e1974d6; Type: INDEX; Schema: public; Owner: postgres
--

CREATE INDEX store_reviewrating_product_id_2e1974d6 ON public.store_reviewrating USING btree (product_id);


--
-- Name: store_reviewrating_user_id_da0ed849; Type: INDEX; Schema: public; Owner: postgres
--

CREATE INDEX store_reviewrating_user_id_da0ed849 ON public.store_reviewrating USING btree (user_id);


--
-- Name: store_variation_product_id_e4f08cbc; Type: INDEX; Schema: public; Owner: postgres
--

CREATE INDEX store_variation_product_id_e4f08cbc ON public.store_variation USING btree (product_id);


--
-- Name: store_wishlist_product_id_8af1333d; Type: INDEX; Schema: public; Owner: postgres
--

CREATE INDEX store_wishlist_product_id_8af1333d ON public.store_wishlist USING btree (product_id);


--
-- Name: store_wishlist_user_id_afcc4e88; Type: INDEX; Schema: public; Owner: postgres
--

CREATE INDEX store_wishlist_user_id_afcc4e88 ON public.store_wishlist USING btree (user_id);


--
-- Name: accounts_account_groups accounts_account_gro_account_id_52f14852_fk_accounts_; Type: FK CONSTRAINT; Schema: public; Owner: postgres
--

ALTER TABLE ONLY public.accounts_account_groups
    ADD CONSTRAINT accounts_account_gro_account_id_52f14852_fk_accounts_ FOREIGN KEY (account_id) REFERENCES public.accounts_account(id) DEFERRABLE INITIALLY DEFERRED;


--
-- Name: accounts_account_groups accounts_account_groups_group_id_7c6a6bd1_fk_auth_group_id; Type: FK CONSTRAINT; Schema: public; Owner: postgres
--

ALTER TABLE ONLY public.accounts_account_groups
    ADD CONSTRAINT accounts_account_groups_group_id_7c6a6bd1_fk_auth_group_id FOREIGN KEY (group_id) REFERENCES public.auth_group(id) DEFERRABLE INITIALLY DEFERRED;


--
-- Name: accounts_account_user_permissions accounts_account_use_account_id_816f9bde_fk_accounts_; Type: FK CONSTRAINT; Schema: public; Owner: postgres
--

ALTER TABLE ONLY public.accounts_account_user_permissions
    ADD CONSTRAINT accounts_account_use_account_id_816f9bde_fk_accounts_ FOREIGN KEY (account_id) REFERENCES public.accounts_account(id) DEFERRABLE INITIALLY DEFERRED;


--
-- Name: accounts_account_user_permissions accounts_account_use_permission_id_24620205_fk_auth_perm; Type: FK CONSTRAINT; Schema: public; Owner: postgres
--

ALTER TABLE ONLY public.accounts_account_user_permissions
    ADD CONSTRAINT accounts_account_use_permission_id_24620205_fk_auth_perm FOREIGN KEY (permission_id) REFERENCES public.auth_permission(id) DEFERRABLE INITIALLY DEFERRED;


--
-- Name: accounts_pointsledger accounts_pointsledger_user_id_4985f2c5_fk_accounts_account_id; Type: FK CONSTRAINT; Schema: public; Owner: postgres
--

ALTER TABLE ONLY public.accounts_pointsledger
    ADD CONSTRAINT accounts_pointsledger_user_id_4985f2c5_fk_accounts_account_id FOREIGN KEY (user_id) REFERENCES public.accounts_account(id) DEFERRABLE INITIALLY DEFERRED;


--
-- Name: accounts_pointswallet accounts_pointswallet_user_id_cffb0d33_fk_accounts_account_id; Type: FK CONSTRAINT; Schema: public; Owner: postgres
--

ALTER TABLE ONLY public.accounts_pointswallet
    ADD CONSTRAINT accounts_pointswallet_user_id_cffb0d33_fk_accounts_account_id FOREIGN KEY (user_id) REFERENCES public.accounts_account(id) DEFERRABLE INITIALLY DEFERRED;


--
-- Name: accounts_userprofile accounts_userprofile_user_id_92240672_fk_accounts_account_id; Type: FK CONSTRAINT; Schema: public; Owner: postgres
--

ALTER TABLE ONLY public.accounts_userprofile
    ADD CONSTRAINT accounts_userprofile_user_id_92240672_fk_accounts_account_id FOREIGN KEY (user_id) REFERENCES public.accounts_account(id) DEFERRABLE INITIALLY DEFERRED;


--
-- Name: auth_group_permissions auth_group_permissio_permission_id_84c5c92e_fk_auth_perm; Type: FK CONSTRAINT; Schema: public; Owner: postgres
--

ALTER TABLE ONLY public.auth_group_permissions
    ADD CONSTRAINT auth_group_permissio_permission_id_84c5c92e_fk_auth_perm FOREIGN KEY (permission_id) REFERENCES public.auth_permission(id) DEFERRABLE INITIALLY DEFERRED;


--
-- Name: auth_group_permissions auth_group_permissions_group_id_b120cbf9_fk_auth_group_id; Type: FK CONSTRAINT; Schema: public; Owner: postgres
--

ALTER TABLE ONLY public.auth_group_permissions
    ADD CONSTRAINT auth_group_permissions_group_id_b120cbf9_fk_auth_group_id FOREIGN KEY (group_id) REFERENCES public.auth_group(id) DEFERRABLE INITIALLY DEFERRED;


--
-- Name: auth_permission auth_permission_content_type_id_2f476e4b_fk_django_co; Type: FK CONSTRAINT; Schema: public; Owner: postgres
--

ALTER TABLE ONLY public.auth_permission
    ADD CONSTRAINT auth_permission_content_type_id_2f476e4b_fk_django_co FOREIGN KEY (content_type_id) REFERENCES public.django_content_type(id) DEFERRABLE INITIALLY DEFERRED;


--
-- Name: carts_cartitem carts_cartitem_cart_id_9cb0a756_fk_carts_cart_id; Type: FK CONSTRAINT; Schema: public; Owner: postgres
--

ALTER TABLE ONLY public.carts_cartitem
    ADD CONSTRAINT carts_cartitem_cart_id_9cb0a756_fk_carts_cart_id FOREIGN KEY (cart_id) REFERENCES public.carts_cart(id) DEFERRABLE INITIALLY DEFERRED;


--
-- Name: carts_cartitem carts_cartitem_product_id_acd010e4_fk_store_product_id; Type: FK CONSTRAINT; Schema: public; Owner: postgres
--

ALTER TABLE ONLY public.carts_cartitem
    ADD CONSTRAINT carts_cartitem_product_id_acd010e4_fk_store_product_id FOREIGN KEY (product_id) REFERENCES public.store_product(id) DEFERRABLE INITIALLY DEFERRED;


--
-- Name: carts_cartitem carts_cartitem_user_id_4d21e0d9_fk_accounts_account_id; Type: FK CONSTRAINT; Schema: public; Owner: postgres
--

ALTER TABLE ONLY public.carts_cartitem
    ADD CONSTRAINT carts_cartitem_user_id_4d21e0d9_fk_accounts_account_id FOREIGN KEY (user_id) REFERENCES public.accounts_account(id) DEFERRABLE INITIALLY DEFERRED;


--
-- Name: carts_cartitem_variations carts_cartitem_varia_cartitem_id_8be23372_fk_carts_car; Type: FK CONSTRAINT; Schema: public; Owner: postgres
--

ALTER TABLE ONLY public.carts_cartitem_variations
    ADD CONSTRAINT carts_cartitem_varia_cartitem_id_8be23372_fk_carts_car FOREIGN KEY (cartitem_id) REFERENCES public.carts_cartitem(id) DEFERRABLE INITIALLY DEFERRED;


--
-- Name: carts_cartitem_variations carts_cartitem_varia_variation_id_ef9f9ee3_fk_store_var; Type: FK CONSTRAINT; Schema: public; Owner: postgres
--

ALTER TABLE ONLY public.carts_cartitem_variations
    ADD CONSTRAINT carts_cartitem_varia_variation_id_ef9f9ee3_fk_store_var FOREIGN KEY (variation_id) REFERENCES public.store_variation(id) DEFERRABLE INITIALLY DEFERRED;


--
-- Name: django_admin_log django_admin_log_content_type_id_c4bce8eb_fk_django_co; Type: FK CONSTRAINT; Schema: public; Owner: postgres
--

ALTER TABLE ONLY public.django_admin_log
    ADD CONSTRAINT django_admin_log_content_type_id_c4bce8eb_fk_django_co FOREIGN KEY (content_type_id) REFERENCES public.django_content_type(id) DEFERRABLE INITIALLY DEFERRED;


--
-- Name: django_admin_log django_admin_log_user_id_c564eba6_fk_accounts_account_id; Type: FK CONSTRAINT; Schema: public; Owner: postgres
--

ALTER TABLE ONLY public.django_admin_log
    ADD CONSTRAINT django_admin_log_user_id_c564eba6_fk_accounts_account_id FOREIGN KEY (user_id) REFERENCES public.accounts_account(id) DEFERRABLE INITIALLY DEFERRED;


--
-- Name: orders_order orders_order_payment_id_46928ccc_fk_orders_payment_id; Type: FK CONSTRAINT; Schema: public; Owner: postgres
--

ALTER TABLE ONLY public.orders_order
    ADD CONSTRAINT orders_order_payment_id_46928ccc_fk_orders_payment_id FOREIGN KEY (payment_id) REFERENCES public.orders_payment(id) DEFERRABLE INITIALLY DEFERRED;


--
-- Name: orders_order orders_order_user_id_e9b59eb1_fk_accounts_account_id; Type: FK CONSTRAINT; Schema: public; Owner: postgres
--

ALTER TABLE ONLY public.orders_order
    ADD CONSTRAINT orders_order_user_id_e9b59eb1_fk_accounts_account_id FOREIGN KEY (user_id) REFERENCES public.accounts_account(id) DEFERRABLE INITIALLY DEFERRED;


--
-- Name: orders_orderproduct_variations orders_orderproduct__orderproduct_id_0f116a3b_fk_orders_or; Type: FK CONSTRAINT; Schema: public; Owner: postgres
--

ALTER TABLE ONLY public.orders_orderproduct_variations
    ADD CONSTRAINT orders_orderproduct__orderproduct_id_0f116a3b_fk_orders_or FOREIGN KEY (orderproduct_id) REFERENCES public.orders_orderproduct(id) DEFERRABLE INITIALLY DEFERRED;


--
-- Name: orders_orderproduct_variations orders_orderproduct__variation_id_5dfd0e51_fk_store_var; Type: FK CONSTRAINT; Schema: public; Owner: postgres
--

ALTER TABLE ONLY public.orders_orderproduct_variations
    ADD CONSTRAINT orders_orderproduct__variation_id_5dfd0e51_fk_store_var FOREIGN KEY (variation_id) REFERENCES public.store_variation(id) DEFERRABLE INITIALLY DEFERRED;


--
-- Name: orders_orderproduct orders_orderproduct_order_id_5022a3e2_fk_orders_order_id; Type: FK CONSTRAINT; Schema: public; Owner: postgres
--

ALTER TABLE ONLY public.orders_orderproduct
    ADD CONSTRAINT orders_orderproduct_order_id_5022a3e2_fk_orders_order_id FOREIGN KEY (order_id) REFERENCES public.orders_order(id) DEFERRABLE INITIALLY DEFERRED;


--
-- Name: orders_orderproduct orders_orderproduct_payment_id_492ed997_fk_orders_payment_id; Type: FK CONSTRAINT; Schema: public; Owner: postgres
--

ALTER TABLE ONLY public.orders_orderproduct
    ADD CONSTRAINT orders_orderproduct_payment_id_492ed997_fk_orders_payment_id FOREIGN KEY (payment_id) REFERENCES public.orders_payment(id) DEFERRABLE INITIALLY DEFERRED;


--
-- Name: orders_orderproduct orders_orderproduct_product_id_4d6ac024_fk_store_product_id; Type: FK CONSTRAINT; Schema: public; Owner: postgres
--

ALTER TABLE ONLY public.orders_orderproduct
    ADD CONSTRAINT orders_orderproduct_product_id_4d6ac024_fk_store_product_id FOREIGN KEY (product_id) REFERENCES public.store_product(id) DEFERRABLE INITIALLY DEFERRED;


--
-- Name: orders_orderproduct orders_orderproduct_user_id_1e7a7ab7_fk_accounts_account_id; Type: FK CONSTRAINT; Schema: public; Owner: postgres
--

ALTER TABLE ONLY public.orders_orderproduct
    ADD CONSTRAINT orders_orderproduct_user_id_1e7a7ab7_fk_accounts_account_id FOREIGN KEY (user_id) REFERENCES public.accounts_account(id) DEFERRABLE INITIALLY DEFERRED;


--
-- Name: orders_payment orders_payment_user_id_cfa9f321_fk_accounts_account_id; Type: FK CONSTRAINT; Schema: public; Owner: postgres
--

ALTER TABLE ONLY public.orders_payment
    ADD CONSTRAINT orders_payment_user_id_cfa9f321_fk_accounts_account_id FOREIGN KEY (user_id) REFERENCES public.accounts_account(id) DEFERRABLE INITIALLY DEFERRED;


--
-- Name: store_keyingredient store_keyingredient_product_id_c30dd57e_fk_store_product_id; Type: FK CONSTRAINT; Schema: public; Owner: postgres
--

ALTER TABLE ONLY public.store_keyingredient
    ADD CONSTRAINT store_keyingredient_product_id_c30dd57e_fk_store_product_id FOREIGN KEY (product_id) REFERENCES public.store_product(id) DEFERRABLE INITIALLY DEFERRED;


--
-- Name: store_product store_product_category_id_574bae65_fk_category_category_id; Type: FK CONSTRAINT; Schema: public; Owner: postgres
--

ALTER TABLE ONLY public.store_product
    ADD CONSTRAINT store_product_category_id_574bae65_fk_category_category_id FOREIGN KEY (category_id) REFERENCES public.category_category(id) DEFERRABLE INITIALLY DEFERRED;


--
-- Name: store_productgallery store_productgallery_product_id_f2821a49_fk_store_product_id; Type: FK CONSTRAINT; Schema: public; Owner: postgres
--

ALTER TABLE ONLY public.store_productgallery
    ADD CONSTRAINT store_productgallery_product_id_f2821a49_fk_store_product_id FOREIGN KEY (product_id) REFERENCES public.store_product(id) DEFERRABLE INITIALLY DEFERRED;


--
-- Name: store_reviewrating store_reviewrating_product_id_2e1974d6_fk_store_product_id; Type: FK CONSTRAINT; Schema: public; Owner: postgres
--

ALTER TABLE ONLY public.store_reviewrating
    ADD CONSTRAINT store_reviewrating_product_id_2e1974d6_fk_store_product_id FOREIGN KEY (product_id) REFERENCES public.store_product(id) DEFERRABLE INITIALLY DEFERRED;


--
-- Name: store_reviewrating store_reviewrating_user_id_da0ed849_fk_accounts_account_id; Type: FK CONSTRAINT; Schema: public; Owner: postgres
--

ALTER TABLE ONLY public.store_reviewrating
    ADD CONSTRAINT store_reviewrating_user_id_da0ed849_fk_accounts_account_id FOREIGN KEY (user_id) REFERENCES public.accounts_account(id) DEFERRABLE INITIALLY DEFERRED;


--
-- Name: store_variation store_variation_product_id_e4f08cbc_fk_store_product_id; Type: FK CONSTRAINT; Schema: public; Owner: postgres
--

ALTER TABLE ONLY public.store_variation
    ADD CONSTRAINT store_variation_product_id_e4f08cbc_fk_store_product_id FOREIGN KEY (product_id) REFERENCES public.store_product(id) DEFERRABLE INITIALLY DEFERRED;


--
-- Name: store_wishlist store_wishlist_product_id_8af1333d_fk_store_product_id; Type: FK CONSTRAINT; Schema: public; Owner: postgres
--

ALTER TABLE ONLY public.store_wishlist
    ADD CONSTRAINT store_wishlist_product_id_8af1333d_fk_store_product_id FOREIGN KEY (product_id) REFERENCES public.store_product(id) DEFERRABLE INITIALLY DEFERRED;


--
-- Name: store_wishlist store_wishlist_user_id_afcc4e88_fk_accounts_account_id; Type: FK CONSTRAINT; Schema: public; Owner: postgres
--

ALTER TABLE ONLY public.store_wishlist
    ADD CONSTRAINT store_wishlist_user_id_afcc4e88_fk_accounts_account_id FOREIGN KEY (user_id) REFERENCES public.accounts_account(id) DEFERRABLE INITIALLY DEFERRED;


--
-- PostgreSQL database dump complete
--

\unrestrict 74Zw1XbDF34kNdeDkUDnhDlSqORRKBBuJiSfLtgdsnoNPjxoTbLEMZoxJMyogwz

